{
  "operator": "torch.nn.functional.cosine_similarity",
  "timestamp": "2025-12-14T17:22:22.937671",
  "total_iterations": 1,
  "llm_generated_test_cases": 0,
  "successful_test_cases": 0,
  "results": [
    {
      "iteration": 1,
      "torch_test_case": {
        "x1": {
          "shape": [
            100,
            128
          ],
          "dtype": "float32",
          "sample_values": [
            -0.1506413370370865,
            -0.487557977437973,
            0.4418465495109558,
            -0.7161815166473389,
            -1.1489651203155518,
            0.5481851100921631,
            0.9790709018707275,
            0.8896574378013611,
            -0.4304155707359314,
            -1.8310062885284424
          ]
        },
        "x2": {
          "shape": [
            100,
            128
          ],
          "dtype": "float32",
          "sample_values": [
            -1.1115843057632446,
            1.0375980138778687,
            0.9802668690681458,
            -0.7032164335250854,
            1.3253358602523804,
            0.5290228724479675,
            -1.7505706548690796,
            2.0976104736328125,
            -1.649105429649353,
            -0.1556456834077835
          ]
        },
        "dim": 1,
        "eps": 1e-06,
        "api": "torch.nn.functional.cosine_similarity"
      },
      "mindspore_test_case": {
        "x1": {
          "shape": [
            100,
            128
          ],
          "dtype": "float32",
          "sample_values": [
            -0.1506413370370865,
            -0.487557977437973,
            0.4418465495109558,
            -0.7161815166473389,
            -1.1489651203155518,
            0.5481851100921631,
            0.9790709018707275,
            0.8896574378013611,
            -0.4304155707359314,
            -1.8310062885284424
          ]
        },
        "x2": {
          "shape": [
            100,
            128
          ],
          "dtype": "float32",
          "sample_values": [
            -1.1115843057632446,
            1.0375980138778687,
            0.9802668690681458,
            -0.7032164335250854,
            1.3253358602523804,
            0.5290228724479675,
            -1.7505706548690796,
            2.0976104736328125,
            -1.649105429649353,
            -0.1556456834077835
          ]
        },
        "dim": 1,
        "eps": 1e-06,
        "api": "torch.nn.functional.cosine_similarity"
      },
      "execution_result": {
        "torch_api": "torch.nn.functional.cosine_similarity",
        "mindspore_api": "mindspore.nn.functional.cosine_similarity",
        "torch_success": true,
        "mindspore_success": false,
        "results_match": false,
        "torch_error": null,
        "mindspore_error": "MindSpore算子 mindspore.nn.functional.cosine_similarity 未找到",
        "comparison_error": null,
        "torch_shape": [
          100
        ],
        "mindspore_shape": null,
        "torch_dtype": "torch.float32",
        "mindspore_dtype": null,
        "status": "mindspore_failed"
      },
      "llm_operation": {
        "operation": "skip",
        "reason": "MindSpore算子 mindspore.nn.functional.cosine_similarity 未找到，说明该API在当前MindSpore版本中不存在或路径不正确，且没有同名同语义的替代算子可用，因此无法修复或变异测试用例。"
      },
      "is_llm_generated": false,
      "case_number": 1
    }
  ]
}