{
  "operator": "torch.nn.functional.conv_transpose2d",
  "timestamp": "2025-12-14T17:26:01.179505",
  "total_iterations": 3,
  "llm_generated_test_cases": 0,
  "successful_test_cases": 0,
  "results": [
    {
      "iteration": 1,
      "torch_test_case": {
        "input": {
          "shape": [
            8,
            128,
            32,
            64
          ],
          "dtype": "float32",
          "sample_values": [
            -0.399339884519577,
            0.31346750259399414,
            1.0523936748504639,
            1.2307413816452026,
            1.191894292831421,
            0.37123000621795654,
            -0.8756333589553833,
            -0.6551547646522522,
            -0.451364666223526,
            -0.4181289076805115
          ]
        },
        "weight": {
          "shape": [
            128,
            64,
            3,
            3
          ],
          "dtype": "float32",
          "sample_values": [
            0.4310877323150635,
            -1.180431842803955,
            0.20496200025081635,
            -0.9953463077545166,
            -0.5932145118713379,
            0.6508535742759705,
            -1.017573356628418,
            0.13086852431297302,
            -1.4522210359573364,
            -1.2769458293914795
          ]
        },
        "bias": {
          "shape": [
            64
          ],
          "dtype": "float32",
          "sample_values": [
            -0.8178921937942505,
            -0.7031722068786621,
            -0.7991411685943604,
            -0.5362849831581116,
            0.4572232961654663,
            0.4231662154197693,
            1.0416585206985474,
            -1.502677321434021,
            -0.046664994210004807,
            0.41463637351989746
          ]
        },
        "stride": [
          2,
          2
        ],
        "padding": [
          1,
          1
        ],
        "output_padding": [
          1,
          1
        ],
        "groups": 1,
        "dilation": [
          1,
          1
        ],
        "api": "torch.nn.functional.conv_transpose2d"
      },
      "mindspore_test_case": {
        "input": {
          "shape": [
            8,
            128,
            32,
            64
          ],
          "dtype": "float32",
          "sample_values": [
            -0.399339884519577,
            0.31346750259399414,
            1.0523936748504639,
            1.2307413816452026,
            1.191894292831421,
            0.37123000621795654,
            -0.8756333589553833,
            -0.6551547646522522,
            -0.451364666223526,
            -0.4181289076805115
          ]
        },
        "weight": {
          "shape": [
            128,
            64,
            3,
            3
          ],
          "dtype": "float32",
          "sample_values": [
            0.4310877323150635,
            -1.180431842803955,
            0.20496200025081635,
            -0.9953463077545166,
            -0.5932145118713379,
            0.6508535742759705,
            -1.017573356628418,
            0.13086852431297302,
            -1.4522210359573364,
            -1.2769458293914795
          ]
        },
        "bias": {
          "shape": [
            64
          ],
          "dtype": "float32",
          "sample_values": [
            -0.8178921937942505,
            -0.7031722068786621,
            -0.7991411685943604,
            -0.5362849831581116,
            0.4572232961654663,
            0.4231662154197693,
            1.0416585206985474,
            -1.502677321434021,
            -0.046664994210004807,
            0.41463637351989746
          ]
        },
        "stride": [
          2,
          2
        ],
        "padding": [
          1,
          1
        ],
        "output_padding": [
          1,
          1
        ],
        "groups": 1,
        "dilation": [
          1,
          1
        ],
        "api": "torch.nn.functional.conv_transpose2d"
      },
      "execution_result": {
        "torch_api": "torch.nn.functional.conv_transpose2d",
        "mindspore_api": "mindspore.mint.nn.functional.conv_transpose2d",
        "torch_success": true,
        "mindspore_success": false,
        "results_match": false,
        "torch_error": null,
        "mindspore_error": "MindSpore算子 mindspore.mint.nn.functional.conv_transpose2d 未找到",
        "comparison_error": null,
        "torch_shape": [
          8,
          64,
          64,
          128
        ],
        "mindspore_shape": null,
        "torch_dtype": "torch.float32",
        "mindspore_dtype": null,
        "status": "mindspore_failed"
      },
      "llm_operation": {
        "operation": "skip",
        "reason": "MindSpore算子 mindspore.mint.nn.functional.conv_transpose2d 未找到，说明该API在当前MindSpore版本中不存在或路径错误，无法进行修复或变异。"
      },
      "is_llm_generated": false,
      "case_number": 1
    },
    {
      "iteration": 1,
      "torch_test_case": {
        "input": {
          "shape": [
            8,
            64,
            64,
            128
          ],
          "dtype": "float32",
          "sample_values": [
            -0.9414290189743042,
            -0.2582877576351166,
            -2.170461654663086,
            -2.395390748977661,
            -0.952427089214325,
            0.4877391457557678,
            -1.0731346607208252,
            0.15491534769535065,
            1.328474998474121,
            -0.0531204417347908
          ]
        },
        "weight": {
          "shape": [
            64,
            16,
            3,
            3
          ],
          "dtype": "float32",
          "sample_values": [
            1.1881999969482422,
            1.0877338647842407,
            -0.2333865463733673,
            0.46937140822410583,
            -0.636872410774231,
            -0.24804505705833435,
            -0.512713611125946,
            -0.09085250645875931,
            0.3637855350971222,
            -0.08130627870559692
          ]
        },
        "bias": {
          "shape": [
            16
          ],
          "dtype": "float32",
          "sample_values": [
            -1.6819707155227661,
            -1.9850465059280396,
            0.13532771170139313,
            1.1502690315246582,
            -0.7628560662269592,
            -0.24605397880077362,
            -0.10764283686876297,
            -1.6370676755905151,
            0.17807795107364655,
            -0.8833594918251038
          ]
        },
        "stride": [
          2,
          2
        ],
        "padding": [
          1,
          1
        ],
        "output_padding": [
          1,
          1
        ],
        "groups": 1,
        "dilation": [
          1,
          1
        ],
        "api": "torch.nn.functional.conv_transpose2d"
      },
      "mindspore_test_case": {
        "input": {
          "shape": [
            8,
            64,
            64,
            128
          ],
          "dtype": "float32",
          "sample_values": [
            -0.9414290189743042,
            -0.2582877576351166,
            -2.170461654663086,
            -2.395390748977661,
            -0.952427089214325,
            0.4877391457557678,
            -1.0731346607208252,
            0.15491534769535065,
            1.328474998474121,
            -0.0531204417347908
          ]
        },
        "weight": {
          "shape": [
            64,
            16,
            3,
            3
          ],
          "dtype": "float32",
          "sample_values": [
            1.1881999969482422,
            1.0877338647842407,
            -0.2333865463733673,
            0.46937140822410583,
            -0.636872410774231,
            -0.24804505705833435,
            -0.512713611125946,
            -0.09085250645875931,
            0.3637855350971222,
            -0.08130627870559692
          ]
        },
        "bias": {
          "shape": [
            16
          ],
          "dtype": "float32",