{
  "operator": "torch.nn.functional.max_unpool3d",
  "timestamp": "2025-12-16T00:53:14.642921",
  "total_iterations": 1,
  "llm_generated_test_cases": 0,
  "successful_test_cases": 0,
  "results": [
    {
      "iteration": 1,
      "torch_test_case": {
        "input": {
          "shape": [
            20,
            16,
            25,
            16,
            7
          ],
          "dtype": "float32",
          "sample_values": [
            1.3605968952178955,
            -0.14708691835403442,
            -1.407415509223938,
            3.049307346343994,
            -0.428849458694458,
            -1.0818824768066406,
            1.4960743188858032,
            -0.7333406805992126,
            0.8627606630325317,
            -0.58683842420578
          ]
        },
        "indices": {
          "shape": [
            20,
            16,
            25,
            16,
            7
          ],
          "dtype": "int64",
          "sample_values": [
            7,
            -5,
            8,
            -3,
            0,
            -4,
            0,
            -6,
            3,
            3
          ]
        },
        "kernel_size": [
          3,
          3,
          3
        ],
        "stride": [
          2,
          2,
          2
        ],
        "padding": [
          0,
          0,
          0
        ],
        "output_size": null,
        "api": "torch.nn.functional.max_unpool3d"
      },
      "mindspore_test_case": {
        "input": {
          "shape": [
            20,
            16,
            25,
            16,
            7
          ],
          "dtype": "float32",
          "sample_values": [
            1.3605968952178955,
            -0.14708691835403442,
            -1.407415509223938,
            3.049307346343994,
            -0.428849458694458,
            -1.0818824768066406,
            1.4960743188858032,
            -0.7333406805992126,
            0.8627606630325317,
            -0.58683842420578
          ]
        },
        "indices": {
          "shape": [
            20,
            16,
            25,
            16,
            7
          ],
          "dtype": "int64",
          "sample_values": [
            7,
            -5,
            8,
            -3,
            0,
            -4,
            0,
            -6,
            3,
            3
          ]
        },
        "kernel_size": [
          3,
          3,
          3
        ],
        "stride": [
          2,
          2,
          2
        ],
        "padding": [
          0,
          0,
          0
        ],
        "output_size": null,
        "api": "torch.nn.functional.max_unpool3d"
      },
      "execution_result": {
        "torch_api": "torch.nn.functional.max_unpool3d",
        "mindspore_api": "mindspore.nn.functional.max_unpool3d",
        "torch_success": false,
        "mindspore_success": false,
        "results_match": false,
        "torch_error": "Found an invalid max index: -2 (output volumes are of size 51x33x15",
        "mindspore_error": "MindSpore算子 mindspore.nn.functional.max_unpool3d 未找到",
        "comparison_error": null,
        "torch_shape": null,
        "mindspore_shape": null,
        "torch_dtype": null,
        "mindspore_dtype": null,
        "status": "both_failed",
        "torch_traceback": "Traceback (most recent call last):\n  File \"D:\\graduate\\DFrameworkTest\\pt_ms_test\\llm_enhanced_compare.py\", line 584, in execute_test_case\n    torch_result = torch_func(*args, **kwargs)\n  File \"D:\\anaconda3\\envs\\tf_env\\lib\\site-packages\\torch\\nn\\functional.py\", line 1073, in max_unpool3d\n    return torch._C._nn.max_unpool3d(input, indices, output_size, _stride, padding)\nRuntimeError: Found an invalid max index: -2 (output volumes are of size 51x33x15\n"
      },
      "llm_operation": {
        "operation": "skip",
        "reason": "MindSpore算子 mindspore.nn.functional.max_unpool3d 未找到，说明该算子在当前MindSpore版本中不存在或已移除，无法进行修复或变异。"
      },
      "is_llm_generated": false,
      "case_number": 1
    }
  ]
}