{
  "operator": "torch.nn.functional.instance_norm",
  "timestamp": "2025-12-16T00:57:47.201748",
  "total_iterations": 3,
  "llm_generated_test_cases": 0,
  "successful_test_cases": 0,
  "results": [
    {
      "iteration": 1,
      "torch_test_case": {
        "input": {
          "shape": [
            1,
            32,
            1080,
            1080
          ],
          "dtype": "float32",
          "sample_values": [
            -1.01969575881958,
            0.12016670405864716,
            0.4359959065914154,
            0.9860215187072754,
            0.6009500026702881,
            0.6857146620750427,
            0.9406406283378601,
            -0.7714619040489197,
            -0.0892421156167984,
            -0.11322291940450668
          ]
        },
        "running_mean": null,
        "running_var": null,
        "weight": {
          "shape": [
            32
          ],
          "dtype": "float32",
          "sample_values": [
            -0.1958046853542328,
            1.9568952322006226,
            -0.32595357298851013,
            -0.7853341102600098,
            0.4343568980693817,
            -0.13784350454807281,
            0.578774631023407,
            -0.511803925037384,
            0.46481168270111084,
            -0.9584141373634338
          ]
        },
        "bias": {
          "shape": [
            32
          ],
          "dtype": "float32",
          "sample_values": [
            0.44630178809165955,
            1.5971565246582031,
            1.3182610273361206,
            0.931593656539917,
            0.16336753964424133,
            -0.4310843050479889,
            -1.575474500656128,
            0.465892493724823,
            0.5328305959701538,
            -0.49742811918258667
          ]
        },
        "use_input_stats": true,
        "momentum": 0.1,
        "eps": 1e-05,
        "api": "torch.nn.functional.instance_norm"
      },
      "mindspore_test_case": {
        "input": {
          "shape": [
            1,
            32,
            1080,
            1080
          ],
          "dtype": "float32",
          "sample_values": [
            -1.01969575881958,
            0.12016670405864716,
            0.4359959065914154,
            0.9860215187072754,
            0.6009500026702881,
            0.6857146620750427,
            0.9406406283378601,
            -0.7714619040489197,
            -0.0892421156167984,
            -0.11322291940450668
          ]
        },
        "running_mean": null,
        "running_var": null,
        "weight": {
          "shape": [
            32
          ],
          "dtype": "float32",
          "sample_values": [
            -0.1958046853542328,
            1.9568952322006226,
            -0.32595357298851013,
            -0.7853341102600098,
            0.4343568980693817,
            -0.13784350454807281,
            0.578774631023407,
            -0.511803925037384,
            0.46481168270111084,
            -0.9584141373634338
          ]
        },
        "bias": {
          "shape": [
            32
          ],
          "dtype": "float32",
          "sample_values": [
            0.44630178809165955,
            1.5971565246582031,
            1.3182610273361206,
            0.931593656539917,
            0.16336753964424133,
            -0.4310843050479889,
            -1.575474500656128,
            0.465892493724823,
            0.5328305959701538,
            -0.49742811918258667
          ]
        },
        "use_input_stats": true,
        "momentum": 0.1,
        "eps": 1e-05,
        "api": "torch.nn.functional.instance_norm"
      },
      "execution_result": {
        "torch_api": "torch.nn.functional.instance_norm",
        "mindspore_api": "mindspore.nn.functional.instance_norm",
        "torch_success": true,
        "mindspore_success": false,
        "results_match": false,
        "torch_error": null,
        "mindspore_error": "MindSpore算子 mindspore.nn.functional.instance_norm 未找到",
        "comparison_error": null,
        "torch_shape": [
          1,
          32,
          1080,
          1080
        ],
        "mindspore_shape": null,
        "torch_dtype": "torch.float32",
        "mindspore_dtype": null,
        "status": "mindspore_failed"
      },
      "llm_operation": {
        "operation": "skip",
        "reason": "MindSpore算子 mindspore.nn.functional.instance_norm 未找到，说明该API在MindSpore中不存在或已移除，无法进行修复或变异测试"
      },
      "is_llm_generated": false,
      "case_number": 1
    },
    {
      "iteration": 1,
      "torch_test_case": {
        "input": {
          "shape": [
            1,
            64,
            540,
            540
          ],
          "dtype": "float32",
          "sample_values": [
            -1.2358336448669434,
            1.578834056854248,
            1.3366670608520508,
            0.27133846282958984,
            0.9913648962974548,
            -1.2297427654266357,
            -1.0298020839691162,
            -0.5380931496620178,
            -1.0634557008743286,
            -0.9748654365539551
          ]
        },
        "running_mean": null,
        "running_var": null,
        "weight": {
          "shape": [
            64
          ],
          "dtype": "float32",
          "sample_values": [
            -0.6048916578292847,
            0.19662363827228546,
            -0.5853175520896912,
            2.1730949878692627,
            -0.29425159096717834,
            0.22846783697605133,
            0.037480100989341736,
            1.2219306230545044,
            -0.2739311158657074,
            1.434082269668579
          ]
        },
        "bias": {
          "shape": [
            64
          ],
          "dtype": "float32",
          "sample_values": [
            -0.43213126063346863,
            -0.23021818697452545,
            0.08834017813205719,
            -0.8757851719856262,
            -1.3644907474517822,
            0.5738707780838013,
            -1.2524842023849487,
            0.996742308139801,
            0.11757559329271317,
            0.4453776478767395
          ]
        },
        "use_input_stats": true,
        "momentum": 0.1,
        "eps": 1e-05,
        "api": "torch.nn.functional.instance_norm"
      },
      "mindspore_test_case": {
        "input": {
          "shape": [
            1,
            64,
            540,
            540
          ],
          "dtype": "float32",
          "sample_values": [
            -1.2358336448669434,
            1.578834056854248,
            1.3366670608520508,
            0.27133846282958984,
            0.9913648962974548,
            -1.2297427654266357,
            -1.0298020839691162,
            -0.5380931496620178,
            -1.0634557008743286,
            -0.9748654365539551
          ]
        },
        "running_mean": null,
        "running_var": null,
        "weight": {
          "shape": [
            64
          ],
          "dtype": "float32",
          "sample_values": [
            -0.6048916578292847,
            0.19662363827228546,
            -0.5853175520896912,
            2.1730949878692627,
            -0.29425159096717834,
            0.22846783697605133,
            0.037480100989341736,
            1.2219306230545044,
            -0.2739311158657074,
            1.434082269668579
          ]
        },
        "bias": {
          "shape": [
            64
          ],
          "dtype": "float32",
          "sample_values": [
            -0.43213126063346863,
            -0.23021818697452545,
            0.08834017813205719,
            -0.8757851719856262,
            -1.3644907474517822,
            0.5738707780838013,
            -1.2524842023849487,
            0.996742308139801,
            0.11757559329271317,
            0.4453776478767395
          ]
        },
        "use_input_stats": true,
        "momentum": 0.1,
        "eps": 1e-05,
        "api": "torch.nn.functional.instance_norm"
      },