{
  "operator": "torch.tensordot",
  "timestamp": "2025-12-15T15:21:13.731461",
  "total_iterations": 3,
  "llm_generated_test_cases": 0,
  "successful_test_cases": 0,
  "results": [
    {
      "iteration": 1,
      "torch_test_case": {
        "a": {
          "shape": [
            3,
            4,
            5
          ],
          "dtype": "float32",
          "sample_values": [
            0.3703903555870056,
            -1.4002221822738647,
            1.5745271444320679,
            -0.8874987959861755,
            -1.038371205329895,
            0.9490792155265808,
            0.697024405002594,
            0.6650543212890625,
            -0.24247172474861145,
            -0.7925825119018555
          ]
        },
        "b": {
          "shape": [
            4,
            3,
            2
          ],
          "dtype": "float32",
          "sample_values": [
            0.593835175037384,
            -0.6102482080459595,
            0.36827102303504944,
            -0.4147495925426483,
            -0.15884114801883698,
            -1.1954519748687744,
            1.3978877067565918,
            -0.6502546668052673,
            -0.2272798866033554,
            0.019613325595855713
          ]
        },
        "dims": [
          [
            1,
            0
          ],
          [
            0,
            1
          ]
        ],
        "api": "torch.tensordot"
      },
      "mindspore_test_case": {
        "a": {
          "shape": [
            3,
            4,
            5
          ],
          "dtype": "float32",
          "sample_values": [
            0.3703903555870056,
            -1.4002221822738647,
            1.5745271444320679,
            -0.8874987959861755,
            -1.038371205329895,
            0.9490792155265808,
            0.697024405002594,
            0.6650543212890625,
            -0.24247172474861145,
            -0.7925825119018555
          ]
        },
        "b": {
          "shape": [
            4,
            3,
            2
          ],
          "dtype": "float32",
          "sample_values": [
            0.593835175037384,
            -0.6102482080459595,
            0.36827102303504944,
            -0.4147495925426483,
            -0.15884114801883698,
            -1.1954519748687744,
            1.3978877067565918,
            -0.6502546668052673,
            -0.2272798866033554,
            0.019613325595855713
          ]
        },
        "dims": [
          [
            1,
            0
          ],
          [
            0,
            1
          ]
        ],
        "api": "torch.tensordot"
      },
      "execution_result": {
        "torch_api": "torch.tensordot",
        "mindspore_api": "mindspore.mint.tensordot",
        "torch_success": true,
        "mindspore_success": false,
        "results_match": false,
        "torch_error": null,
        "mindspore_error": "MindSpore算子 mindspore.mint.tensordot 未找到",
        "comparison_error": null,
        "torch_shape": [
          5,
          2
        ],
        "mindspore_shape": null,
        "torch_dtype": "torch.float32",
        "mindspore_dtype": null,
        "status": "mindspore_failed"
      },
      "llm_operation": {
        "operation": "skip",
        "reason": "MindSpore算子 mindspore.mint.tensordot 未找到，说明该算子在当前MindSpore版本中不存在或已移除，无法进行修复或变异"
      },
      "is_llm_generated": false,
      "case_number": 1
    },
    {
      "iteration": 1,
      "torch_test_case": {
        "a": {
          "shape": [
            3,
            4,
            5
          ],
          "dtype": "float32",
          "sample_values": [
            0.18732768297195435,
            -0.20965728163719177,
            -0.21628005802631378,
            0.540133535861969,
            -1.5689328908920288,
            -1.1016026735305786,
            -1.045949935913086,
            -0.05788053572177887,
            0.1491357982158661,
            -0.20989136397838593
          ]
        },
        "b": {
          "shape": [
            4,
            5,
            6
          ],
          "dtype": "float32",
          "sample_values": [
            -1.5382795333862305,
            -1.1650490760803223,
            1.5473558902740479,
            -0.5228877663612366,
            0.13230930268764496,
            0.5122864842414856,
            0.2905496060848236,
            0.554635763168335,
            0.8181756734848022,
            -0.48089829087257385
          ]
        },
        "dims": 2,
        "api": "torch.tensordot"
      },
      "mindspore_test_case": {
        "a": {
          "shape": [
            3,
            4,
            5
          ],
          "dtype": "float32",
          "sample_values": [
            0.18732768297195435,
            -0.20965728163719177,
            -0.21628005802631378,
            0.540133535861969,
            -1.5689328908920288,
            -1.1016026735305786,
            -1.045949935913086,
            -0.05788053572177887,
            0.1491357982158661,
            -0.20989136397838593
          ]
        },
        "b": {
          "shape": [
            4,
            5,
            6
          ],
          "dtype": "float32",
          "sample_values": [
            -1.5382795333862305,
            -1.1650490760803223,
            1.5473558902740479,
            -0.5228877663612366,
            0.13230930268764496,
            0.5122864842414856,
            0.2905496060848236,
            0.554635763168335,
            0.8181756734848022,
            -0.48089829087257385
          ]
        },
        "dims": 2,
        "api": "torch.tensordot"
      },
      "execution_result": {
        "torch_api": "torch.tensordot",
        "mindspore_api": "mindspore.mint.tensordot",
        "torch_success": true,
        "mindspore_success": false,
        "results_match": false,
        "torch_error": null,
        "mindspore_error": "MindSpore算子 mindspore.mint.tensordot 未找到",
        "comparison_error": null,
        "torch_shape": [
          3,
          6
        ],
        "mindspore_shape": null,
        "torch_dtype": "torch.float32",
        "mindspore_dtype": null,
        "status": "mindspore_failed"
      },
      "llm_operation": {
        "operation": "skip",
        "reason": "MindSpore算子 mindspore.mint.tensordot 未找到，说明该算子在当前MindSpore版本中不存在或已移除，无法进行修复或变异测试。"
      },
      "is_llm_generated": false,
      "case_number": 2
    },
    {
      "iteration": 1,
      "torch_test_case": {
        "a": {
          "shape": [
            3,
            4,
            5
          ],
          "dtype": "int64",
          "sample_values": [
            -3,
            -10,
            -1,
            5,
            1,
            -10,
            -4,
            -10,
            3,
            -3
          ]
        },
        "b": {
          "shape": [
            4,
            3,
            2
          ],
          "dtype": "int64",
          "sample_values": [
            -3,
            -6,
            2,
            0,
            -7,
            -6,
            3,
            7,
            -1,
            2
          ]
        },
        "dims": [
          [
            1,
            0
          ],
          [
            0,
            1
          ]
        ],
        "api": "torch.tensordot"
      },
      "mindspore_test_case": {
        "a": {
          "shape": [
            3,
            4,
            5
          ],
          "dtype": "int64",
          "sample_values": [
            -3,
            -10,
            -1,
            5,
            1,
            -10,
            -4,
            -10,
            3,
            -3
          ]
        },
        "b": {
          "shape": [
            4,
            3,
            2
          ],
          "dtype": "int64",