{
  "operator": "torch.nn.functional.conv1d",
  "timestamp": "2025-12-15T15:17:35.905407",
  "total_iterations": 1,
  "llm_generated_test_cases": 0,
  "successful_test_cases": 0,
  "results": [
    {
      "iteration": 1,
      "torch_test_case": {
        "input": {
          "shape": [
            20,
            16,
            50
          ],
          "dtype": "float32",
          "sample_values": [
            -0.981364905834198,
            1.760507583618164,
            0.6297403573989868,
            0.7335121631622314,
            1.2885984182357788,
            -0.24930055439472198,
            -0.5708629488945007,
            -0.08416604995727539,
            0.14941683411598206,
            0.7356800436973572
          ]
        },
        "weight": {
          "shape": [
            33,
            16,
            3
          ],
          "dtype": "float32",
          "sample_values": [
            -0.7849900722503662,
            -0.9567570090293884,
            0.08219067752361298,
            -0.9198641180992126,
            0.46828073263168335,
            -0.04855239391326904,
            -0.16250574588775635,
            -1.0937533378601074,
            1.02888023853302,
            -1.5941386222839355
          ]
        },
        "bias": {
          "shape": [
            33
          ],
          "dtype": "float32",
          "sample_values": [
            1.1745558977127075,
            0.5027165412902832,
            0.06613243371248245,
            -1.2606418132781982,
            1.8392119407653809,
            -0.012057604268193245,
            -0.9430555701255798,
            0.18727059662342072,
            -2.138270616531372,
            0.030246902257204056
          ]
        },
        "stride": [
          2
        ],
        "padding": [
          0
        ],
        "dilation": [
          1
        ],
        "groups": 1,
        "api": "torch.nn.functional.conv1d"
      },
      "mindspore_test_case": {
        "input": {
          "shape": [
            20,
            16,
            50
          ],
          "dtype": "float32",
          "sample_values": [
            -0.981364905834198,
            1.760507583618164,
            0.6297403573989868,
            0.7335121631622314,
            1.2885984182357788,
            -0.24930055439472198,
            -0.5708629488945007,
            -0.08416604995727539,
            0.14941683411598206,
            0.7356800436973572
          ]
        },
        "weight": {
          "shape": [
            33,
            16,
            3
          ],
          "dtype": "float32",
          "sample_values": [
            -0.7849900722503662,
            -0.9567570090293884,
            0.08219067752361298,
            -0.9198641180992126,
            0.46828073263168335,
            -0.04855239391326904,
            -0.16250574588775635,
            -1.0937533378601074,
            1.02888023853302,
            -1.5941386222839355
          ]
        },
        "bias": {
          "shape": [
            33
          ],
          "dtype": "float32",
          "sample_values": [
            1.1745558977127075,
            0.5027165412902832,
            0.06613243371248245,
            -1.2606418132781982,
            1.8392119407653809,
            -0.012057604268193245,
            -0.9430555701255798,
            0.18727059662342072,
            -2.138270616531372,
            0.030246902257204056
          ]
        },
        "stride": [
          2
        ],
        "padding": [
          0
        ],
        "dilation": [
          1
        ],
        "groups": 1,
        "api": "torch.nn.functional.conv1d"
      },
      "execution_result": {
        "torch_api": "torch.nn.functional.conv1d",
        "mindspore_api": "mindspore.nn.functional.conv1d",
        "torch_success": true,
        "mindspore_success": false,
        "results_match": false,
        "torch_error": null,
        "mindspore_error": "MindSpore算子 mindspore.nn.functional.conv1d 未找到",
        "comparison_error": null,
        "torch_shape": [
          20,
          33,
          24
        ],
        "mindspore_shape": null,
        "torch_dtype": "torch.float32",
        "mindspore_dtype": null,
        "status": "mindspore_failed"
      },
      "llm_operation": {
        "operation": "skip",
        "reason": "MindSpore算子 mindspore.nn.functional.conv1d 未找到，说明该API在当前版本的MindSpore中不存在或已移除，无法进行修复或变异。"
      },
      "is_llm_generated": false,
      "case_number": 1
    }
  ]
}