{
  "operator": "torch.nn.Conv2d",
  "timestamp": "2025-12-14T17:27:55.652217",
  "total_iterations": 4,
  "llm_generated_test_cases": 1,
  "successful_test_cases": 0,
  "results": [
    {
      "iteration": 1,
      "torch_test_case": {
        "input": {
          "shape": [
            2,
            3,
            4,
            4
          ],
          "dtype": "float32",
          "sample_values": [
            -0.34332579374313354,
            -0.24082545936107635,
            -0.29935818910598755,
            -0.15259864926338196,
            0.5748121738433838,
            0.5309571027755737,
            1.659184217453003,
            0.6039647459983826,
            0.8389881253242493,
            0.8380059599876404
          ]
        },
        "in_channels": 128,
        "out_channels": 3,
        "kernel_size": 1,
        "stride": 1,
        "padding": [
          0,
          1
        ],
        "dilation": [
          1,
          1
        ],
        "groups": 3,
        "bias": true,
        "api": "torch.nn.Conv2d"
      },
      "mindspore_test_case": {
        "input": {
          "shape": [
            2,
            3,
            4,
            4
          ],
          "dtype": "float32",
          "sample_values": [
            -0.34332579374313354,
            -0.24082545936107635,
            -0.29935818910598755,
            -0.15259864926338196,
            0.5748121738433838,
            0.5309571027755737,
            1.659184217453003,
            0.6039647459983826,
            0.8389881253242493,
            0.8380059599876404
          ]
        },
        "in_channels": 128,
        "out_channels": 3,
        "kernel_size": 1,
        "stride": 1,
        "padding": [
          0,
          1
        ],
        "dilation": [
          1,
          1
        ],
        "groups": 3,
        "bias": true,
        "api": "torch.nn.Conv2d"
      },
      "execution_result": {
        "torch_api": "torch.nn.Conv2d",
        "mindspore_api": "mindspore.mint.nn.Conv2d",
        "torch_success": false,
        "mindspore_success": false,
        "results_match": false,
        "torch_error": "in_channels must be divisible by groups",
        "mindspore_error": "When expanding an int number to tuple, input type must be integer or tuple[int], but got <class 'list'>",
        "comparison_error": null,
        "torch_shape": null,
        "mindspore_shape": null,
        "torch_dtype": null,
        "mindspore_dtype": null,
        "status": "both_failed",
        "torch_traceback": "Traceback (most recent call last):\n  File \"D:\\graduate\\DFrameworkTest\\pt_ms_test\\llm_enhanced_compare.py\", line 568, in execute_test_case\n    torch_instance = torch_func(**init_kwargs)\n  File \"D:\\anaconda3\\envs\\tf_env\\lib\\site-packages\\torch\\nn\\modules\\conv.py\", line 521, in __init__\n    super().__init__(\n  File \"D:\\anaconda3\\envs\\tf_env\\lib\\site-packages\\torch\\nn\\modules\\conv.py\", line 107, in __init__\n    raise ValueError(\"in_channels must be divisible by groups\")\nValueError: in_channels must be divisible by groups\n",
        "mindspore_traceback": "Traceback (most recent call last):\n  File \"D:\\graduate\\DFrameworkTest\\pt_ms_test\\llm_enhanced_compare.py\", line 607, in execute_test_case\n    mindspore_instance = mindspore_func(**init_kwargs)\n  File \"D:\\anaconda3\\envs\\tf_env\\lib\\site-packages\\mindspore\\_extends\\utils.py\", line 46, in deco\n    fn(self, *args, **kwargs)\n  File \"D:\\anaconda3\\envs\\tf_env\\lib\\site-packages\\mindspore\\mint\\nn\\layer\\conv.py\", line 493, in __init__\n    padding_ = padding if isinstance(padding, str) else twice(padding)\n  File \"D:\\anaconda3\\envs\\tf_env\\lib\\site-packages\\mindspore\\_checkparam.py\", line 1275, in convert\n    raise TypeError(f\"When expanding an int number to tuple, input type must be integer or tuple[int], \" \\\nTypeError: When expanding an int number to tuple, input type must be integer or tuple[int], but got <class 'list'>\n"
      },
      "llm_operation": {
        "operation": "skip",
        "reason": "LLM调用失败: Expecting value: line 23 column 16 (char 746)"
      },
      "is_llm_generated": false,
      "case_number": 1
    },
    {
      "iteration": 1,
      "torch_test_case": {
        "input": {
          "shape": [
            2,
            3,
            4,
            4
          ],
          "dtype": "float32",
          "sample_values": [
            0.9068893194198608,
            -0.8612581491470337,
            -0.38974300026893616,
            0.7211583852767944,
            -1.4781702756881714,
            0.005741878412663937,
            0.13662493228912354,
            -0.3131704330444336,
            -0.6688806414604187,
            -0.8960984349250793
          ]
        },
        "in_channels": 128,
        "out_channels": 3,
        "kernel_size": 1,
        "stride": 1,
        "padding": [
          0,
          1
        ],
        "dilation": [
          1,
          1
        ],
        "groups": 3,
        "bias": true,
        "api": "torch.nn.Conv2d"
      },
      "mindspore_test_case": {
        "input": {
          "shape": [
            2,
            3,
            4,
            4
          ],
          "dtype": "float32",
          "sample_values": [
            0.9068893194198608,
            -0.8612581491470337,
            -0.38974300026893616,
            0.7211583852767944,
            -1.4781702756881714,
            0.005741878412663937,
            0.13662493228912354,
            -0.3131704330444336,
            -0.6688806414604187,
            -0.8960984349250793
          ]
        },
        "in_channels": 128,
        "out_channels": 3,
        "kernel_size": 1,
        "stride": 1,
        "padding": [
          0,
          1
        ],
        "dilation": [
          1,
          1
        ],
        "groups": 3,
        "bias": true,
        "api": "torch.nn.Conv2d"
      },
      "execution_result": {
        "torch_api": "torch.nn.Conv2d",
        "mindspore_api": "mindspore.mint.nn.Conv2d",
        "torch_success": false,
        "mindspore_success": false,
        "results_match": false,
        "torch_error": "in_channels must be divisible by groups",
        "mindspore_error": "When expanding an int number to tuple, input type must be integer or tuple[int], but got <class 'list'>",
        "comparison_error": null,
        "torch_shape": null,
        "mindspore_shape": null,
        "torch_dtype": null,
        "mindspore_dtype": null,
        "status": "both_failed",
        "torch_traceback": "Traceback (most recent call last):\n  File \"D:\\graduate\\DFrameworkTest\\pt_ms_test\\llm_enhanced_compare.py\", line 568, in execute_test_case\n    torch_instance = torch_func(**init_kwargs)\n  File \"D:\\anaconda3\\envs\\tf_env\\lib\\site-packages\\torch\\nn\\modules\\conv.py\", line 521, in __init__\n    super().__init__(\n  File \"D:\\anaconda3\\envs\\tf_env\\lib\\site-packages\\torch\\nn\\modules\\conv.py\", line 107, in __init__\n    raise ValueError(\"in_channels must be divisible by groups\")\nValueError: in_channels must be divisible by groups\n",