{
  "operator": "torch.nn.functional.conv_transpose3d",
  "timestamp": "2025-12-15T19:40:27.936851",
  "total_iterations": 1,
  "llm_generated_test_cases": 0,
  "successful_test_cases": 0,
  "results": [
    {
      "iteration": 1,
      "torch_test_case": {
        "input": {
          "shape": [
            20,
            16,
            10,
            50,
            100
          ],
          "dtype": "float32",
          "sample_values": [
            0.9182369709014893,
            -0.3000296950340271,
            -0.0033790348097682,
            0.06771979480981827,
            1.0291385650634766,
            -0.019467191770672798,
            0.7567475438117981,
            0.2713203728199005,
            0.12830081582069397,
            -0.7917885184288025
          ]
        },
        "weight": {
          "shape": [
            16,
            33,
            3,
            5,
            2
          ],
          "dtype": "float32",
          "sample_values": [
            -0.8600696325302124,
            -0.24217641353607178,
            0.4641737937927246,
            -1.8470438718795776,
            -0.45186421275138855,
            -0.13219119608402252,
            -0.16371995210647583,
            -2.2225804328918457,
            -0.03441008925437927,
            0.1780897080898285
          ]
        },
        "bias": {
          "shape": [
            33
          ],
          "dtype": "float32",
          "sample_values": [
            -0.30888691544532776,
            -0.2976717948913574,
            -0.7599875926971436,
            -1.8576122522354126,
            -0.6311635375022888,
            1.0239382982254028,
            -0.3493041694164276,
            -0.6014944911003113,
            1.4533131122589111,
            0.010539323091506958
          ]
        },
        "stride": [
          2,
          1,
          1
        ],
        "padding": [
          0,
          4,
          2
        ],
        "output_padding": [
          0,
          0,
          0
        ],
        "groups": 1,
        "dilation": [
          1,
          1,
          1
        ],
        "api": "torch.nn.functional.conv_transpose3d"
      },
      "mindspore_test_case": {
        "input": {
          "shape": [
            20,
            16,
            10,
            50,
            100
          ],
          "dtype": "float32",
          "sample_values": [
            0.9182369709014893,
            -0.3000296950340271,
            -0.0033790348097682,
            0.06771979480981827,
            1.0291385650634766,
            -0.019467191770672798,
            0.7567475438117981,
            0.2713203728199005,
            0.12830081582069397,
            -0.7917885184288025
          ]
        },
        "weight": {
          "shape": [
            16,
            33,
            3,
            5,
            2
          ],
          "dtype": "float32",
          "sample_values": [
            -0.8600696325302124,
            -0.24217641353607178,
            0.4641737937927246,
            -1.8470438718795776,
            -0.45186421275138855,
            -0.13219119608402252,
            -0.16371995210647583,
            -2.2225804328918457,
            -0.03441008925437927,
            0.1780897080898285
          ]
        },
        "bias": {
          "shape": [
            33
          ],
          "dtype": "float32",
          "sample_values": [
            -0.30888691544532776,
            -0.2976717948913574,
            -0.7599875926971436,
            -1.8576122522354126,
            -0.6311635375022888,
            1.0239382982254028,
            -0.3493041694164276,
            -0.6014944911003113,
            1.4533131122589111,
            0.010539323091506958
          ]
        },
        "stride": [
          2,
          1,
          1
        ],
        "padding": [
          0,
          4,
          2
        ],
        "output_padding": [
          0,
          0,
          0
        ],
        "groups": 1,
        "dilation": [
          1,
          1,
          1
        ],
        "api": "torch.nn.functional.conv_transpose3d"
      },
      "execution_result": {
        "torch_api": "torch.nn.functional.conv_transpose3d",
        "mindspore_api": "mindspore.nn.functional.conv_transpose3d",
        "torch_success": true,
        "mindspore_success": false,
        "results_match": false,
        "torch_error": null,
        "mindspore_error": "MindSpore算子 mindspore.nn.functional.conv_transpose3d 未找到",
        "comparison_error": null,
        "torch_shape": [
          20,
          33,
          21,
          46,
          97
        ],
        "mindspore_shape": null,
        "torch_dtype": "torch.float32",
        "mindspore_dtype": null,
        "status": "mindspore_failed"
      },
      "llm_operation": {
        "operation": "skip",
        "reason": "MindSpore算子 mindspore.nn.functional.conv_transpose3d 未找到，说明该API在当前MindSpore版本中不存在或未实现，无法进行修复或变异测试。"
      },
      "is_llm_generated": false,
      "case_number": 1
    }
  ]
}