{
  "operator": "torch.nn.functional.conv2d",
  "timestamp": "2025-12-16T01:44:02.689745",
  "total_iterations": 4,
  "llm_generated_test_cases": 1,
  "successful_test_cases": 0,
  "results": [
    {
      "iteration": 1,
      "torch_test_case": {
        "input": {
          "shape": [
            8,
            3,
            256,
            512
          ],
          "dtype": "float32",
          "sample_values": [
            -0.6026918292045593,
            0.8366333842277527,
            1.167637586593628,
            -1.4767882823944092,
            0.6914159655570984,
            -1.15366792678833,
            -0.4953402876853943,
            0.1140783280134201,
            -0.7517248392105103,
            -2.0767788887023926
          ]
        },
        "weight": {
          "shape": [
            13,
            3,
            3,
            3
          ],
          "dtype": "float32",
          "sample_values": [
            -1.0469237565994263,
            1.9815287590026855,
            0.6772609949111938,
            -0.2817961275577545,
            -0.6970889568328857,
            1.1890175342559814,
            0.12296833097934723,
            -1.0374053716659546,
            -0.5443836450576782,
            1.4502166509628296
          ]
        },
        "bias": {
          "shape": [
            13
          ],
          "dtype": "float32",
          "sample_values": [
            -0.49168461561203003,
            0.7928998470306396,
            -1.1474288702011108,
            1.565225601196289,
            -0.14851020276546478,
            1.4839086532592773,
            0.3442780673503876,
            -1.6308039426803589,
            -0.4520387649536133,
            0.11294138431549072
          ]
        },
        "stride": 1,
        "padding": 1,
        "dilation": [
          1,
          1
        ],
        "groups": 5,
        "api": "torch.nn.functional.conv2d"
      },
      "mindspore_test_case": {
        "input": {
          "shape": [
            8,
            3,
            256,
            512
          ],
          "dtype": "float32",
          "sample_values": [
            -0.6026918292045593,
            0.8366333842277527,
            1.167637586593628,
            -1.4767882823944092,
            0.6914159655570984,
            -1.15366792678833,
            -0.4953402876853943,
            0.1140783280134201,
            -0.7517248392105103,
            -2.0767788887023926
          ]
        },
        "weight": {
          "shape": [
            13,
            3,
            3,
            3
          ],
          "dtype": "float32",
          "sample_values": [
            -1.0469237565994263,
            1.9815287590026855,
            0.6772609949111938,
            -0.2817961275577545,
            -0.6970889568328857,
            1.1890175342559814,
            0.12296833097934723,
            -1.0374053716659546,
            -0.5443836450576782,
            1.4502166509628296
          ]
        },
        "bias": {
          "shape": [
            13
          ],
          "dtype": "float32",
          "sample_values": [
            -0.49168461561203003,
            0.7928998470306396,
            -1.1474288702011108,
            1.565225601196289,
            -0.14851020276546478,
            1.4839086532592773,
            0.3442780673503876,
            -1.6308039426803589,
            -0.4520387649536133,
            0.11294138431549072
          ]
        },
        "stride": 1,
        "padding": 1,
        "dilation": [
          1,
          1
        ],
        "groups": 5,
        "api": "torch.nn.functional.conv2d"
      },
      "execution_result": {
        "torch_api": "torch.nn.functional.conv2d",
        "mindspore_api": "mindspore.mint.nn.functional.conv2d",
        "torch_success": false,
        "mindspore_success": false,
        "results_match": false,
        "torch_error": "Given groups=5, expected weight to be divisible by 5 at dimension 0, but got weight of size [[13, 3, 3, 3]] instead",
        "mindspore_error": "MindSpore算子 mindspore.mint.nn.functional.conv2d 未找到",
        "comparison_error": null,
        "torch_shape": null,
        "mindspore_shape": null,
        "torch_dtype": null,
        "mindspore_dtype": null,
        "status": "both_failed",
        "torch_traceback": "Traceback (most recent call last):\n  File \"D:\\graduate\\DFrameworkTest\\pt_ms_test\\llm_enhanced_compare.py\", line 584, in execute_test_case\n    torch_result = torch_func(*args, **kwargs)\nRuntimeError: Given groups=5, expected weight to be divisible by 5 at dimension 0, but got weight of size [[13, 3, 3, 3]] instead\n"
      },
      "llm_operation": {
        "operation": "skip",
        "reason": "MindSpore算子 mindspore.mint.nn.functional.conv2d 未找到，说明该算子在当前版本的MindSpore中不存在或已移除，无法进行修复或变异。"
      },
      "is_llm_generated": false,
      "case_number": 1
    },
    {
      "iteration": 1,
      "torch_test_case": {
        "input": {
          "shape": [
            8,
            16,
            128,
            256
          ],
          "dtype": "float32",
          "sample_values": [
            -0.8776690363883972,
            -0.6779126524925232,
            0.6675494313240051,
            -2.515352487564087,
            0.895583987236023,
            -0.785510778427124,
            -0.6899567246437073,
            -0.9982092380523682,
            -1.0818016529083252,
            0.7255959510803223
          ]
        },
        "weight": {
          "shape": [
            48,
            16,
            3,
            3
          ],
          "dtype": "float32",
          "sample_values": [
            -0.8070939779281616,
            0.2714020907878876,
            -1.4381113052368164,
            -1.2759928703308105,
            -0.4191243648529053,
            -0.07303562760353088,
            1.234740138053894,
            0.039815984666347504,
            -0.5481094121932983,
            1.0505573749542236
          ]
        },
        "bias": {
          "shape": [
            48
          ],
          "dtype": "float32",
          "sample_values": [
            1.1660672426223755,
            0.9149296879768372,
            1.0586819648742676,
            -0.21567663550376892,
            -0.8277150988578796,
            0.05245596542954445,
            0.6767374873161316,
            -0.20731131732463837,
            0.9800251722335815,
            -0.685669481754303
          ]
        },
        "stride": 1,
        "padding": 0,
        "dilation": [
          1,
          1
        ],
        "groups": 5,
        "api": "torch.nn.functional.conv2d"
      },
      "mindspore_test_case": {
        "input": {
          "shape": [
            8,
            16,
            128,
            256
          ],
          "dtype": "float32",
          "sample_values": [
            -0.8776690363883972,
            -0.6779126524925232,
            0.6675494313240051,
            -2.515352487564087,
            0.895583987236023,
            -0.785510778427124,
            -0.6899567246437073,
            -0.9982092380523682,
            -1.0818016529083252,
            0.7255959510803223
          ]
        },
        "weight": {
          "shape": [
            48,
            16,
            3,
            3
          ],
          "dtype": "float32",
          "sample_values": [
            -0.8070939779281616,
            0.2714020907878876,
            -1.4381113052368164,
            -1.2759928703308105,
            -0.4191243648529053,
            -0.07303562760353088,
            1.234740138053894,
            0.039815984666347504,
            -0.5481094121932983,
            1.0505573749542236
          ]
        },
        "bias": {
          "shape": [
            48
          ],
          "dtype": "float32",