{
  "operator": "torch.nn.functional.batch_norm",
  "timestamp": "2025-12-16T00:56:20.625861",
  "total_iterations": 3,
  "llm_generated_test_cases": 0,
  "successful_test_cases": 0,
  "results": [
    {
      "iteration": 1,
      "torch_test_case": {
        "input": {
          "shape": [
            256,
            1024
          ],
          "dtype": "float32",
          "sample_values": [
            -1.0827231407165527,
            0.7154725790023804,
            1.2013471126556396,
            -0.957818865776062,
            -1.300384521484375,
            2.8085951805114746,
            0.1060408279299736,
            0.758025050163269,
            0.020536931231617928,
            -1.6527515649795532
          ]
        },
        "running_mean": {
          "shape": [
            1024
          ],
          "dtype": "float32",
          "sample_values": [
            0.11447663605213165,
            -0.3870205581188202,
            -0.5243093371391296,
            0.6403452157974243,
            -0.24735163152217865,
            0.8177406787872314,
            -0.3122585415840149,
            1.022064447402954,
            -0.04203088954091072,
            -0.7487984895706177
          ]
        },
        "running_var": {
          "shape": [
            1024
          ],
          "dtype": "float32",
          "sample_values": [
            0.3015088140964508,
            1.3392987251281738,
            -0.016032518818974495,
            -0.047075096517801285,
            -1.8536949157714844,
            -0.9269214272499084,
            1.5046296119689941,
            0.3914072513580322,
            0.7759410738945007,
            -0.2210315316915512
          ]
        },
        "weight": {
          "shape": [
            1024
          ],
          "dtype": "float32",
          "sample_values": [
            -0.12519551813602448,
            0.09452120214700699,
            0.2407764047384262,
            2.1914682388305664,
            0.9547833800315857,
            0.10031713545322418,
            0.5791325569152832,
            -0.24313102662563324,
            1.1591840982437134,
            0.4724564254283905
          ]
        },
        "bias": {
          "shape": [
            1024
          ],
          "dtype": "float32",
          "sample_values": [
            0.7778428196907043,
            0.3187272846698761,
            0.36095577478408813,
            0.16972877085208893,
            1.0857805013656616,
            0.024512050673365593,
            0.40839216113090515,
            1.560161828994751,
            -2.3211727142333984,
            1.704098105430603
          ]
        },
        "training": true,
        "momentum": 0.1,
        "eps": 1e-05,
        "api": "torch.nn.functional.batch_norm"
      },
      "mindspore_test_case": {
        "input": {
          "shape": [
            256,
            1024
          ],
          "dtype": "float32",
          "sample_values": [
            -1.0827231407165527,
            0.7154725790023804,
            1.2013471126556396,
            -0.957818865776062,
            -1.300384521484375,
            2.8085951805114746,
            0.1060408279299736,
            0.758025050163269,
            0.020536931231617928,
            -1.6527515649795532
          ]
        },
        "running_mean": {
          "shape": [
            1024
          ],
          "dtype": "float32",
          "sample_values": [
            0.11447663605213165,
            -0.3870205581188202,
            -0.5243093371391296,
            0.6403452157974243,
            -0.24735163152217865,
            0.8177406787872314,
            -0.3122585415840149,
            1.022064447402954,
            -0.04203088954091072,
            -0.7487984895706177
          ]
        },
        "running_var": {
          "shape": [
            1024
          ],
          "dtype": "float32",
          "sample_values": [
            0.3015088140964508,
            1.3392987251281738,
            -0.016032518818974495,
            -0.047075096517801285,
            -1.8536949157714844,
            -0.9269214272499084,
            1.5046296119689941,
            0.3914072513580322,
            0.7759410738945007,
            -0.2210315316915512
          ]
        },
        "weight": {
          "shape": [
            1024
          ],
          "dtype": "float32",
          "sample_values": [
            -0.12519551813602448,
            0.09452120214700699,
            0.2407764047384262,
            2.1914682388305664,
            0.9547833800315857,
            0.10031713545322418,
            0.5791325569152832,
            -0.24313102662563324,
            1.1591840982437134,
            0.4724564254283905
          ]
        },
        "bias": {
          "shape": [
            1024
          ],
          "dtype": "float32",
          "sample_values": [
            0.7778428196907043,
            0.3187272846698761,
            0.36095577478408813,
            0.16972877085208893,
            1.0857805013656616,
            0.024512050673365593,
            0.40839216113090515,
            1.560161828994751,
            -2.3211727142333984,
            1.704098105430603
          ]
        },
        "training": true,
        "momentum": 0.1,
        "eps": 1e-05,
        "api": "torch.nn.functional.batch_norm"
      },
      "execution_result": {
        "torch_api": "torch.nn.functional.batch_norm",
        "mindspore_api": "mindspore.mint.nn.functional.batch_norm",
        "torch_success": true,
        "mindspore_success": false,
        "results_match": false,
        "torch_error": null,
        "mindspore_error": "MindSpore算子 mindspore.mint.nn.functional.batch_norm 未找到",
        "comparison_error": null,
        "torch_shape": [
          256,
          1024
        ],
        "mindspore_shape": null,
        "torch_dtype": "torch.float32",
        "mindspore_dtype": null,
        "status": "mindspore_failed"
      },
      "llm_operation": {
        "operation": "skip",
        "reason": "MindSpore算子 mindspore.mint.nn.functional.batch_norm 未找到，说明该API在当前MindSpore版本中不存在或路径错误，无法进行修复或变异。"
      },
      "is_llm_generated": false,
      "case_number": 1
    },
    {
      "iteration": 1,
      "torch_test_case": {
        "input": {
          "shape": [
            256,
            512
          ],
          "dtype": "float32",
          "sample_values": [
            -1.1609946489334106,
            -0.9105586409568787,
            0.308212012052536,
            -0.41487592458724976,
            0.7032502889633179,
            -0.2128610759973526,
            -2.0121092796325684,
            -0.6666757464408875,
            0.6661972999572754,
            -0.4027509093284607
          ]
        },
        "running_mean": {
          "shape": [
            512
          ],
          "dtype": "float32",
          "sample_values": [
            1.751198649406433,
            -0.04243001341819763,
            -0.03308429941534996,
            1.0805838108062744,
            0.5103794932365417,
            -0.25801336765289307,
            -0.6065439581871033,
            -1.051580548286438,
            -1.5015596151351929,
            -0.3097074329853058
          ]
        },
        "running_var": {
          "shape": [
            512
          ],
          "dtype": "float32",
          "sample_values": [
            0.49004191160202026,
            0.09872552752494812,
            0.422926127910614,
            -0.6166731119155884,
            0.32976120710372925,
            0.09849975258111954,
            -0.09584452211856842,
            -1.5625418424606323,
            1.1141570806503296,
            0.283072829246521
          ]
        },
        "weight": {
          "shape": [
            512
          ],
          "dtype": "float32",