{
  "operator": "torch.nn.functional.layer_norm",
  "timestamp": "2025-12-16T01:29:06.261899",
  "total_iterations": 3,
  "llm_generated_test_cases": 0,
  "successful_test_cases": 0,
  "results": [
    {
      "iteration": 1,
      "torch_test_case": {
        "input": {
          "shape": [
            11,
            1,
            1024
          ],
          "dtype": "float32",
          "sample_values": [
            -0.20044665038585663,
            -2.917940616607666,
            1.0215742588043213,
            -0.5216056108474731,
            -0.12896482646465302,
            -2.8219876289367676,
            -0.7949065566062927,
            1.0239131450653076,
            -0.41907134652137756,
            0.7473106384277344
          ]
        },
        "normalized_shape": [
          1024
        ],
        "weight": {
          "shape": [
            1024
          ],
          "dtype": "float32",
          "sample_values": [
            0.2942635416984558,
            0.8342580199241638,
            -1.0517430305480957,
            -1.3584842681884766,
            -0.4325691759586334,
            -0.6301634907722473,
            1.1538054943084717,
            -0.6037781238555908,
            -0.1708129495382309,
            0.46778604388237
          ]
        },
        "bias": {
          "shape": [
            1024
          ],
          "dtype": "float32",
          "sample_values": [
            -1.1923773288726807,
            -1.1477051973342896,
            -1.897200345993042,
            1.2577731609344482,
            0.12053624540567398,
            0.9818699955940247,
            2.1938610076904297,
            0.8763813972473145,
            1.2488694190979004,
            1.0979186296463013
          ]
        },
        "eps": 1e-05,
        "api": "torch.nn.functional.layer_norm"
      },
      "mindspore_test_case": {
        "input": {
          "shape": [
            11,
            1,
            1024
          ],
          "dtype": "float32",
          "sample_values": [
            -0.20044665038585663,
            -2.917940616607666,
            1.0215742588043213,
            -0.5216056108474731,
            -0.12896482646465302,
            -2.8219876289367676,
            -0.7949065566062927,
            1.0239131450653076,
            -0.41907134652137756,
            0.7473106384277344
          ]
        },
        "normalized_shape": [
          1024
        ],
        "weight": {
          "shape": [
            1024
          ],
          "dtype": "float32",
          "sample_values": [
            0.2942635416984558,
            0.8342580199241638,
            -1.0517430305480957,
            -1.3584842681884766,
            -0.4325691759586334,
            -0.6301634907722473,
            1.1538054943084717,
            -0.6037781238555908,
            -0.1708129495382309,
            0.46778604388237
          ]
        },
        "bias": {
          "shape": [
            1024
          ],
          "dtype": "float32",
          "sample_values": [
            -1.1923773288726807,
            -1.1477051973342896,
            -1.897200345993042,
            1.2577731609344482,
            0.12053624540567398,
            0.9818699955940247,
            2.1938610076904297,
            0.8763813972473145,
            1.2488694190979004,
            1.0979186296463013
          ]
        },
        "eps": 1e-05,
        "api": "torch.nn.functional.layer_norm"
      },
      "execution_result": {
        "torch_api": "torch.nn.functional.layer_norm",
        "mindspore_api": "mindspore.nn.functional.layer_norm",
        "torch_success": true,
        "mindspore_success": false,
        "results_match": false,
        "torch_error": null,
        "mindspore_error": "MindSpore算子 mindspore.nn.functional.layer_norm 未找到",
        "comparison_error": null,
        "torch_shape": [
          11,
          1,
          1024
        ],
        "mindspore_shape": null,
        "torch_dtype": "torch.float32",
        "mindspore_dtype": null,
        "status": "mindspore_failed"
      },
      "llm_operation": {
        "operation": "skip",
        "reason": "MindSpore算子 mindspore.nn.functional.layer_norm 未找到，说明该API在当前MindSpore版本中不存在或已移除，无法进行修复或变异。"
      },
      "is_llm_generated": false,
      "case_number": 1
    },
    {
      "iteration": 1,
      "torch_test_case": {
        "input": {
          "shape": [
            1,
            5,
            1024
          ],
          "dtype": "float32",
          "sample_values": [
            0.19786909222602844,
            -0.4987708032131195,
            0.49350446462631226,
            1.0256234407424927,
            0.22009044885635376,
            0.9800280928611755,
            1.5767217874526978,
            -0.1349172592163086,
            1.368146300315857,
            -0.37334707379341125
          ]
        },
        "normalized_shape": [
          1024
        ],
        "weight": {
          "shape": [
            1024
          ],
          "dtype": "float32",
          "sample_values": [
            -1.996747374534607,
            -0.03266047686338425,
            -1.2095446586608887,
            0.5691012740135193,
            0.5803591012954712,
            -0.6264122724533081,
            -0.8655974864959717,
            -0.884027361869812,
            -0.9025399684906006,
            1.8710076808929443
          ]
        },
        "bias": {
          "shape": [
            1024
          ],
          "dtype": "float32",
          "sample_values": [
            2.326570749282837,
            -0.5451288223266602,
            0.0962473452091217,
            -0.7909448742866516,
            2.2676661014556885,
            -1.0675153732299805,
            0.5671625733375549,
            0.3513801693916321,
            -1.2053887844085693,
            -0.2640793025493622
          ]
        },
        "eps": 1e-05,
        "api": "torch.nn.functional.layer_norm"
      },
      "mindspore_test_case": {
        "input": {
          "shape": [
            1,
            5,
            1024
          ],
          "dtype": "float32",
          "sample_values": [
            0.19786909222602844,
            -0.4987708032131195,
            0.49350446462631226,
            1.0256234407424927,
            0.22009044885635376,
            0.9800280928611755,
            1.5767217874526978,
            -0.1349172592163086,
            1.368146300315857,
            -0.37334707379341125
          ]
        },
        "normalized_shape": [
          1024
        ],
        "weight": {
          "shape": [
            1024
          ],
          "dtype": "float32",
          "sample_values": [
            -1.996747374534607,
            -0.03266047686338425,
            -1.2095446586608887,
            0.5691012740135193,
            0.5803591012954712,
            -0.6264122724533081,
            -0.8655974864959717,
            -0.884027361869812,
            -0.9025399684906006,
            1.8710076808929443
          ]
        },
        "bias": {
          "shape": [
            1024
          ],
          "dtype": "float32",
          "sample_values": [
            2.326570749282837,
            -0.5451288223266602,
            0.0962473452091217,
            -0.7909448742866516,
            2.2676661014556885,
            -1.0675153732299805,
            0.5671625733375549,
            0.3513801693916321,
            -1.2053887844085693,
            -0.2640793025493622
          ]
        },
        "eps": 1e-05,
        "api": "torch.nn.functional.layer_norm"
      },
      "execution_result": {
        "torch_api": "torch.nn.functional.layer_norm",
        "mindspore_api": "mindspore.nn.functional.layer_norm",
        "torch_success": true,
        "mindspore_success": false,
        "results_match": false,
        "torch_error": null,
        "mindspore_error": "MindSpore算子 mindspore.nn.functional.layer_norm 未找到",
        "comparison_error": null,