{
  "operator": "torch.nn.functional.conv3d",
  "timestamp": "2025-12-15T19:26:43.530499",
  "total_iterations": 1,
  "llm_generated_test_cases": 0,
  "successful_test_cases": 0,
  "results": [
    {
      "iteration": 1,
      "torch_test_case": {
        "input": {
          "shape": [
            20,
            16,
            10,
            50,
            100
          ],
          "dtype": "float32",
          "sample_values": [
            0.16122715175151825,
            0.9155982732772827,
            0.4960311949253082,
            -0.30495312809944153,
            -0.7844338417053223,
            -0.4585520625114441,
            -0.13747726380825043,
            -1.1361536979675293,
            0.6838917136192322,
            0.4468136131763458
          ]
        },
        "weight": {
          "shape": [
            33,
            16,
            3,
            5,
            2
          ],
          "dtype": "float32",
          "sample_values": [
            -1.6102080345153809,
            -0.4570971429347992,
            -0.5639054179191589,
            0.7162472605705261,
            -0.7618043422698975,
            0.5557802319526672,
            -0.29418352246284485,
            -1.1776175498962402,
            -0.09284035116434097,
            0.292423278093338
          ]
        },
        "bias": {
          "shape": [
            33
          ],
          "dtype": "float32",
          "sample_values": [
            -0.9440575838088989,
            0.4296093285083771,
            1.327042818069458,
            0.8760870695114136,
            -0.0699869692325592,
            -1.1095564365386963,
            -0.566184937953949,
            -0.3353717625141144,
            -0.3044031858444214,
            0.3203839063644409
          ]
        },
        "stride": [
          2,
          1,
          1
        ],
        "padding": [
          4,
          2,
          0
        ],
        "dilation": [
          1,
          1,
          1
        ],
        "groups": 1,
        "api": "torch.nn.functional.conv3d"
      },
      "mindspore_test_case": {
        "input": {
          "shape": [
            20,
            16,
            10,
            50,
            100
          ],
          "dtype": "float32",
          "sample_values": [
            0.16122715175151825,
            0.9155982732772827,
            0.4960311949253082,
            -0.30495312809944153,
            -0.7844338417053223,
            -0.4585520625114441,
            -0.13747726380825043,
            -1.1361536979675293,
            0.6838917136192322,
            0.4468136131763458
          ]
        },
        "weight": {
          "shape": [
            33,
            16,
            3,
            5,
            2
          ],
          "dtype": "float32",
          "sample_values": [
            -1.6102080345153809,
            -0.4570971429347992,
            -0.5639054179191589,
            0.7162472605705261,
            -0.7618043422698975,
            0.5557802319526672,
            -0.29418352246284485,
            -1.1776175498962402,
            -0.09284035116434097,
            0.292423278093338
          ]
        },
        "bias": {
          "shape": [
            33
          ],
          "dtype": "float32",
          "sample_values": [
            -0.9440575838088989,
            0.4296093285083771,
            1.327042818069458,
            0.8760870695114136,
            -0.0699869692325592,
            -1.1095564365386963,
            -0.566184937953949,
            -0.3353717625141144,
            -0.3044031858444214,
            0.3203839063644409
          ]
        },
        "stride": [
          2,
          1,
          1
        ],
        "padding": [
          4,
          2,
          0
        ],
        "dilation": [
          1,
          1,
          1
        ],
        "groups": 1,
        "api": "torch.nn.functional.conv3d"
      },
      "execution_result": {
        "torch_api": "torch.nn.functional.conv3d",
        "mindspore_api": "mindspore.mint.nn.functional.conv3d",
        "torch_success": true,
        "mindspore_success": false,
        "results_match": false,
        "torch_error": null,
        "mindspore_error": "MindSpore算子 mindspore.mint.nn.functional.conv3d 未找到",
        "comparison_error": null,
        "torch_shape": [
          20,
          33,
          8,
          50,
          99
        ],
        "mindspore_shape": null,
        "torch_dtype": "torch.float32",
        "mindspore_dtype": null,
        "status": "mindspore_failed"
      },
      "llm_operation": {
        "operation": "skip",
        "reason": "MindSpore算子 mindspore.mint.nn.functional.conv3d 未找到，说明该算子在当前MindSpore版本中不存在或已移除，无法进行修复或变异"
      },
      "is_llm_generated": false,
      "case_number": 1
    }
  ]
}