{
  "operator": "torch.nn.functional.pairwise_distance",
  "timestamp": "2025-12-16T01:18:29.378532",
  "total_iterations": 1,
  "llm_generated_test_cases": 0,
  "successful_test_cases": 0,
  "results": [
    {
      "iteration": 1,
      "torch_test_case": {
        "x1": {
          "shape": [
            100,
            128
          ],
          "dtype": "float32",
          "sample_values": [
            0.6292749643325806,
            1.633041501045227,
            -0.6151741743087769,
            0.4601980447769165,
            0.6354889273643494,
            0.6059339046478271,
            0.14616809785366058,
            -1.3760981559753418,
            -0.22851835191249847,
            -0.19449417293071747
          ]
        },
        "x2": {
          "shape": [
            100,
            128
          ],
          "dtype": "float32",
          "sample_values": [
            -1.8964112997055054,
            -0.8711773157119751,
            0.291750431060791,
            -0.4698065519332886,
            -1.4807056188583374,
            -0.7437303066253662,
            1.2817270755767822,
            0.853682279586792,
            2.106205701828003,
            -0.15986207127571106
          ]
        },
        "p": 2,
        "eps": 1e-06,
        "keepdim": false,
        "api": "torch.nn.functional.pairwise_distance"
      },
      "mindspore_test_case": {
        "x1": {
          "shape": [
            100,
            128
          ],
          "dtype": "float32",
          "sample_values": [
            0.6292749643325806,
            1.633041501045227,
            -0.6151741743087769,
            0.4601980447769165,
            0.6354889273643494,
            0.6059339046478271,
            0.14616809785366058,
            -1.3760981559753418,
            -0.22851835191249847,
            -0.19449417293071747
          ]
        },
        "x2": {
          "shape": [
            100,
            128
          ],
          "dtype": "float32",
          "sample_values": [
            -1.8964112997055054,
            -0.8711773157119751,
            0.291750431060791,
            -0.4698065519332886,
            -1.4807056188583374,
            -0.7437303066253662,
            1.2817270755767822,
            0.853682279586792,
            2.106205701828003,
            -0.15986207127571106
          ]
        },
        "p": 2,
        "eps": 1e-06,
        "keepdim": false,
        "api": "torch.nn.functional.pairwise_distance"
      },
      "execution_result": {
        "torch_api": "torch.nn.functional.pairwise_distance",
        "mindspore_api": "mindspore.nn.functional.pairwise_distance",
        "torch_success": true,
        "mindspore_success": false,
        "results_match": false,
        "torch_error": null,
        "mindspore_error": "MindSpore算子 mindspore.nn.functional.pairwise_distance 未找到",
        "comparison_error": null,
        "torch_shape": [
          100
        ],
        "mindspore_shape": null,
        "torch_dtype": "torch.float32",
        "mindspore_dtype": null,
        "status": "mindspore_failed"
      },
      "llm_operation": {
        "operation": "skip",
        "reason": "MindSpore算子 mindspore.nn.functional.pairwise_distance 未找到，说明该算子在当前MindSpore版本中不存在或已移除，无法进行修复或变异测试。"
      },
      "is_llm_generated": false,
      "case_number": 1
    }
  ]
}