{
  "operator": "torch.nn.functional.conv1d",
  "timestamp": "2026-02-03T00:55:46.979067",
  "total_iterations": 3,
  "llm_generated_test_cases": 2,
  "successful_test_cases": 0,
  "results": [
    {
      "iteration": 1,
      "tensorflow_test_case": {
        "weight": {
          "shape": [
            33,
            16,
            3
          ],
          "dtype": "float32",
          "sample_values": [
            -0.779544472694397,
            0.40146684646606445,
            1.519019603729248,
            0.011168009601533413,
            0.42458510398864746,
            -0.3215876817703247,
            -1.5436304807662964,
            0.9674293994903564,
            0.9084142446517944,
            0.7107740044593811
          ]
        },
        "bias": {
          "shape": [
            33
          ],
          "dtype": "float32",
          "sample_values": [
            -0.14855541288852692,
            0.13015106320381165,
            2.018096685409546,
            -1.187601089477539,
            1.1912351846694946,
            1.0708576440811157,
            0.8543173670768738,
            1.291747808456421,
            0.2805749773979187,
            -0.5829294919967651
          ]
        },
        "stride": [
          2
        ],
        "padding": [
          0
        ],
        "dilation": [
          1
        ],
        "groups": 1,
        "api": "tf.nn.conv1d",
        "x": {
          "shape": [
            20,
            16,
            50
          ],
          "dtype": "float32",
          "sample_values": [
            -0.898414671421051,
            0.4919191598892212,
            -1.3202332258224487,
            1.8314588069915771,
            1.1794401407241821,
            -0.46917566657066345,
            -1.713134527206421,
            1.3538724184036255,
            -0.11453984677791595,
            1.237816333770752
          ]
        }
      },
      "paddle_test_case": {
        "input": {
          "shape": [
            20,
            16,
            50
          ],
          "dtype": "float32",
          "sample_values": [
            -0.898414671421051,
            0.4919191598892212,
            -1.3202332258224487,
            1.8314588069915771,
            1.1794401407241821,
            -0.46917566657066345,
            -1.713134527206421,
            1.3538724184036255,
            -0.11453984677791595,
            1.237816333770752
          ]
        },
        "weight": {
          "shape": [
            33,
            16,
            3
          ],
          "dtype": "float32",
          "sample_values": [
            -0.779544472694397,
            0.40146684646606445,
            1.519019603729248,
            0.011168009601533413,
            0.42458510398864746,
            -0.3215876817703247,
            -1.5436304807662964,
            0.9674293994903564,
            0.9084142446517944,
            0.7107740044593811
          ]
        },
        "bias": {
          "shape": [
            33
          ],
          "dtype": "float32",
          "sample_values": [
            -0.14855541288852692,
            0.13015106320381165,
            2.018096685409546,
            -1.187601089477539,
            1.1912351846694946,
            1.0708576440811157,
            0.8543173670768738,
            1.291747808456421,
            0.2805749773979187,
            -0.5829294919967651
          ]
        },
        "stride": [
          2
        ],
        "padding": [
          0
        ],
        "dilation": [
          1
        ],
        "groups": 1,
        "api": "paddle.nn.functional.conv1d"
      },
      "execution_result": {
        "tensorflow_api": "tf.nn.conv1d",
        "paddle_api": "paddle.nn.functional.conv1d",
        "tensorflow_success": false,
        "paddle_success": true,
        "results_match": false,
        "tensorflow_error": "Got an unexpected keyword argument 'weight'",
        "paddle_error": null,
        "comparison_error": null,
        "tensorflow_shape": null,
        "paddle_shape": [
          20,
          33,
          24
        ],
        "tensorflow_dtype": null,
        "paddle_dtype": "paddle.float32",
        "status": "tensorflow_failed",
        "tensorflow_traceback": "Traceback (most recent call last):\n  File \"D:\\graduate\\DFrameworkTest\\tf_pd_test\\llm_enhanced_compare.py\", line 762, in execute_test_case\n    tensorflow_result = tensorflow_func(*args, **kwargs)\n  File \"D:\\anaconda3\\envs\\tf_env\\lib\\site-packages\\tensorflow\\python\\util\\traceback_utils.py\", line 153, in error_handler\n    raise e.with_traceback(filtered_tb) from None\n  File \"D:\\anaconda3\\envs\\tf_env\\lib\\site-packages\\tensorflow\\python\\util\\dispatch.py\", line 1254, in op_dispatch_handler\n    result = api_dispatcher.Dispatch(args, kwargs)\nTypeError: Got an unexpected keyword argument 'weight'\n"
      },
      "llm_operation": {
        "operation": "repair",
        "reason": "TensorFlow tf.nn.conv1d 不接受 'weight' 参数，正确参数名为 'filters'；且输入 x 形状需匹配 data_format（默认 'NWC' 要求 [batch, width, channels]，但用例中 x.shape=[20,16,50] 被误当作 [N,C,L]；需修复参数名和 shape 以符合 TF 文档要求。"
      },
      "is_llm_generated": false,
      "case_number": 1
    },
    {
      "iteration": 2,
      "tensorflow_test_case": {
        "api": "tf.nn.conv1d",
        "x": {
          "shape": [
            20,
            50,
            16
          ],
          "dtype": "float32",
          "sample_values": [
            0.1369730830192566,
            1.4743129014968872,
            0.1474224478006363,
            0.21957135200500488,
            0.1317252814769745,
            0.5636343359947205,
            -0.4924413859844208,
            -0.21428731083869934,
            0.8103346228599548,
            0.27737295627593994
          ]
        },
        "filters": {
          "shape": [
            3,
            16,
            33
          ],
          "dtype": "float32",
          "sample_values": [
            -0.06859201192855835,
            0.6137783527374268,
            -0.465677946805954,
            0.3720777928829193,
            -0.17472165822982788,
            -0.10742625594139099,
            -0.8185974955558777,
            -0.21595564484596252,
            -0.5412425398826599,
            1.1299201250076294
          ]
        },
        "stride": 2,
        "padding": "VALID",
        "dilation_rate": 1,
        "data_format": "NWC"
      },
      "paddle_test_case": {
        "api": "paddle.nn.functional.conv1d",
        "input": {
          "shape": [
            20,
            50,
            16
          ],
          "dtype": "float32",
          "sample_values": [
            0.1369730830192566,
            1.4743129014968872,
            0.1474224478006363,
            0.21957135200500488,
            0.1317252814769745,
            0.5636343359947205,
            -0.4924413859844208,
            -0.21428731083869934,
            0.8103346228599548,
            0.27737295627593994
          ]
        },
        "weight": {
          "shape": [
            33,
            16,
            3
          ],
          "dtype": "float32",
          "sample_values": [
            0.32093575596809387,
            0.4505983293056488,
            0.2630351781845093,
            -0.06531070917844772,
            -0.6621885299682617,
            0.5161349773406982,
            1.5298835039138794,
            -0.5012289881706238,
            -1.0207401514053345,
            -1.1351194381713867
          ]
        },
        "bias": {
          "shape": [
            33
          ],
          "dtype": "float32",