{
  "operator": "torch.nn.functional.conv1d",
  "timestamp": "2026-02-03T00:54:39.868828",
  "total_iterations": 3,
  "llm_generated_test_cases": 2,
  "successful_test_cases": 0,
  "results": [
    {
      "iteration": 1,
      "tensorflow_test_case": {
        "weight": {
          "shape": [
            33,
            16,
            3
          ],
          "dtype": "float32",
          "sample_values": [
            -0.3215876817703247,
            -1.5436304807662964,
            0.9674293994903564,
            0.9084142446517944,
            0.7107740044593811,
            -0.18194544315338135,
            0.5970560908317566,
            0.8937618136405945,
            1.6201586723327637,
            0.9885261058807373
          ]
        },
        "bias": {
          "shape": [
            33
          ],
          "dtype": "float32",
          "sample_values": [
            1.0708576440811157,
            0.8543173670768738,
            1.291747808456421,
            0.2805749773979187,
            -0.5829294919967651,
            1.0945732593536377,
            1.1328421831130981,
            1.1053138971328735,
            0.04450208321213722,
            -0.7161945104598999
          ]
        },
        "stride": [
          2
        ],
        "padding": [
          0
        ],
        "dilation": [
          1
        ],
        "groups": 1,
        "api": "tf.nn.conv1d",
        "x": {
          "shape": [
            20,
            16,
            50
          ],
          "dtype": "float32",
          "sample_values": [
            -0.898414671421051,
            0.4919191598892212,
            -1.3202332258224487,
            1.8314588069915771,
            1.1794401407241821,
            -0.46917566657066345,
            -1.713134527206421,
            1.3538724184036255,
            -0.11453984677791595,
            1.237816333770752
          ]
        }
      },
      "paddle_test_case": {
        "input": {
          "shape": [
            20,
            16,
            50
          ],
          "dtype": "float32",
          "sample_values": [
            -0.898414671421051,
            0.4919191598892212,
            -1.3202332258224487,
            1.8314588069915771,
            1.1794401407241821,
            -0.46917566657066345,
            -1.713134527206421,
            1.3538724184036255,
            -0.11453984677791595,
            1.237816333770752
          ]
        },
        "weight": {
          "shape": [
            33,
            16,
            3
          ],
          "dtype": "float32",
          "sample_values": [
            -0.3215876817703247,
            -1.5436304807662964,
            0.9674293994903564,
            0.9084142446517944,
            0.7107740044593811,
            -0.18194544315338135,
            0.5970560908317566,
            0.8937618136405945,
            1.6201586723327637,
            0.9885261058807373
          ]
        },
        "bias": {
          "shape": [
            33
          ],
          "dtype": "float32",
          "sample_values": [
            1.0708576440811157,
            0.8543173670768738,
            1.291747808456421,
            0.2805749773979187,
            -0.5829294919967651,
            1.0945732593536377,
            1.1328421831130981,
            1.1053138971328735,
            0.04450208321213722,
            -0.7161945104598999
          ]
        },
        "stride": [
          2
        ],
        "padding": [
          0
        ],
        "dilation": [
          1
        ],
        "groups": 1,
        "api": "paddle.nn.functional.conv1d"
      },
      "execution_result": {
        "tensorflow_api": "tf.nn.conv1d",
        "paddle_api": "paddle.nn.functional.conv1d",
        "tensorflow_success": false,
        "paddle_success": true,
        "results_match": false,
        "tensorflow_error": "Got an unexpected keyword argument 'weight'",
        "paddle_error": null,
        "comparison_error": null,
        "tensorflow_shape": null,
        "paddle_shape": [
          20,
          33,
          24
        ],
        "tensorflow_dtype": null,
        "paddle_dtype": "paddle.float32",
        "status": "tensorflow_failed",
        "tensorflow_traceback": "Traceback (most recent call last):\n  File \"D:\\graduate\\DFrameworkTest\\tf_pd_test\\llm_enhanced_compare.py\", line 762, in execute_test_case\n    tensorflow_result = tensorflow_func(*args, **kwargs)\n  File \"D:\\anaconda3\\envs\\tf_env\\lib\\site-packages\\tensorflow\\python\\util\\traceback_utils.py\", line 153, in error_handler\n    raise e.with_traceback(filtered_tb) from None\n  File \"D:\\anaconda3\\envs\\tf_env\\lib\\site-packages\\tensorflow\\python\\util\\dispatch.py\", line 1254, in op_dispatch_handler\n    result = api_dispatcher.Dispatch(args, kwargs)\nTypeError: Got an unexpected keyword argument 'weight'\n"
      },
      "llm_operation": {
        "operation": "repair",
        "reason": "TensorFlow tf.nn.conv1d does not accept 'weight' or 'bias' as keyword arguments; it requires 'input', 'filters', 'stride', 'padding', and optionally 'data_format'. The original test case incorrectly passed PyTorch/Paddle-style parameters."
      },
      "is_llm_generated": false,
      "case_number": 1
    },
    {
      "iteration": 2,
      "tensorflow_test_case": {
        "api": "tf.nn.conv1d",
        "input": {
          "shape": [
            20,
            50,
            16
          ],
          "dtype": "float32",
          "sample_values": [
            -1.743694543838501,
            0.7096010446548462,
            -1.9095827341079712,
            -0.7903313636779785,
            1.5610228776931763,
            0.8313642740249634,
            -0.5462204217910767,
            -0.518837034702301,
            0.10062211006879807,
            0.5141409635543823
          ]
        },
        "filters": {
          "shape": [
            3,
            16,
            33
          ],
          "dtype": "float32",
          "sample_values": [
            -0.8758134245872498,
            0.8574490547180176,
            0.9686868190765381,
            -1.385082721710205,
            0.6986048221588135,
            0.26502910256385803,
            -1.9416699409484863,
            -0.403197705745697,
            -0.13616330921649933,
            0.04849180579185486
          ]
        },
        "stride": 2,
        "padding": "VALID",
        "data_format": "NWC"
      },
      "paddle_test_case": {
        "api": "paddle.nn.functional.conv1d",
        "input": {
          "shape": [
            20,
            50,
            16
          ],
          "dtype": "float32",
          "sample_values": [
            -1.743694543838501,
            0.7096010446548462,
            -1.9095827341079712,
            -0.7903313636779785,
            1.5610228776931763,
            0.8313642740249634,
            -0.5462204217910767,
            -0.518837034702301,
            0.10062211006879807,
            0.5141409635543823
          ]
        },
        "weight": {
          "shape": [
            33,
            16,
            3
          ],
          "dtype": "float32",
          "sample_values": [
            -0.5665371417999268,
            -0.12491746991872787,
            -0.7624441981315613,
            -0.6167633533477783,
            -0.7150477766990662,
            -0.0793437510728836,
            0.1206810399889946,
            -0.1481611430644989,
            -0.2213229387998581,
            0.7604916095733643
          ]
        },
        "bias": {
          "shape": [
            33
          ],
          "dtype": "float32",