{
  "operator": "torch.nn.functional.cosine_similarity",
  "timestamp": "2026-02-03T00:41:23.464449",
  "total_iterations": 4,
  "llm_generated_test_cases": 3,
  "successful_test_cases": 3,
  "results": [
    {
      "iteration": 1,
      "tensorflow_test_case": {
        "x1": {
          "shape": [
            100,
            128
          ],
          "dtype": "float32",
          "sample_values": [
            -0.06365124881267548,
            2.114534854888916,
            0.7060398459434509,
            0.6119832992553711,
            -0.19486495852470398,
            0.8782326579093933,
            -0.4532225728034973,
            1.8933690786361694,
            1.1416674852371216,
            -0.3539423644542694
          ]
        },
        "x2": {
          "shape": [
            100,
            128
          ],
          "dtype": "float32",
          "sample_values": [
            0.08110667020082474,
            0.6351048946380615,
            1.8515769243240356,
            2.282691478729248,
            -0.13168442249298096,
            -0.3492698669433594,
            1.0007904767990112,
            0.6297852993011475,
            0.5052545666694641,
            -1.043182611465454
          ]
        },
        "dim": 1,
        "eps": 1e-06,
        "api": "tf.keras.losses.cosine_similarity"
      },
      "paddle_test_case": {
        "x1": {
          "shape": [
            100,
            128
          ],
          "dtype": "float32",
          "sample_values": [
            -0.06365124881267548,
            2.114534854888916,
            0.7060398459434509,
            0.6119832992553711,
            -0.19486495852470398,
            0.8782326579093933,
            -0.4532225728034973,
            1.8933690786361694,
            1.1416674852371216,
            -0.3539423644542694
          ]
        },
        "x2": {
          "shape": [
            100,
            128
          ],
          "dtype": "float32",
          "sample_values": [
            0.08110667020082474,
            0.6351048946380615,
            1.8515769243240356,
            2.282691478729248,
            -0.13168442249298096,
            -0.3492698669433594,
            1.0007904767990112,
            0.6297852993011475,
            0.5052545666694641,
            -1.043182611465454
          ]
        },
        "dim": 1,
        "eps": 1e-06,
        "api": "paddle.nn.functional.cosine_similarity"
      },
      "execution_result": {
        "tensorflow_api": "tf.keras.losses.cosine_similarity",
        "paddle_api": "paddle.nn.functional.cosine_similarity",
        "tensorflow_success": false,
        "paddle_success": false,
        "results_match": false,
        "tensorflow_error": "cosine_similarity() got an unexpected keyword argument 'x1'",
        "paddle_error": "cosine_similarity() got an unexpected keyword argument 'dim'",
        "comparison_error": null,
        "tensorflow_shape": null,
        "paddle_shape": null,
        "tensorflow_dtype": null,
        "paddle_dtype": null,
        "status": "both_failed",
        "tensorflow_traceback": "Traceback (most recent call last):\n  File \"D:\\graduate\\DFrameworkTest\\tf_pd_test\\llm_enhanced_compare.py\", line 747, in execute_test_case\n    tensorflow_result = tensorflow_func(*args, **kwargs)\nTypeError: cosine_similarity() got an unexpected keyword argument 'x1'\n",
        "paddle_traceback": "Traceback (most recent call last):\n  File \"D:\\graduate\\DFrameworkTest\\tf_pd_test\\llm_enhanced_compare.py\", line 780, in execute_test_case\n    paddle_result = paddle_func(*args, **kwargs)\nTypeError: cosine_similarity() got an unexpected keyword argument 'dim'\n"
      },
      "llm_operation": {
        "operation": "repair",
        "reason": "TensorFlow API uses y_true/y_pred/axis, not x1/x2/dim; Paddle uses x1/x2/axis/eps. Parameter names mismatch causes both_failed."
      },
      "is_llm_generated": false,
      "case_number": 1
    },
    {
      "iteration": 2,
      "tensorflow_test_case": {
        "api": "tf.keras.losses.cosine_similarity",
        "y_true": {
          "shape": [
            100,
            128
          ],
          "dtype": "float32",
          "sample_values": [
            -0.6202956438064575,
            0.5128639340400696,
            0.3199126422405243,
            1.464674472808838,
            0.3226102292537689,
            0.15924978256225586,
            0.3854684829711914,
            0.3061704635620117,
            0.6157357096672058,
            0.3938218951225281
          ]
        },
        "y_pred": {
          "shape": [
            100,
            128
          ],
          "dtype": "float32",
          "sample_values": [
            -0.9180853366851807,
            0.5798342823982239,
            0.21640293300151825,
            -0.5229933261871338,
            -1.981480360031128,
            -0.2582247853279114,
            -0.37855657935142517,
            0.385068416595459,
            -0.951245903968811,
            0.31430086493492126
          ]
        },
        "axis": 1
      },
      "paddle_test_case": {
        "api": "paddle.nn.functional.cosine_similarity",
        "x1": {
          "shape": [
            100,
            128
          ],
          "dtype": "float32",
          "sample_values": [
            -0.6126642227172852,
            0.1548675298690796,
            -0.3351225256919861,
            0.15070942044258118,
            0.021703604608774185,
            0.329018771648407,
            0.5589635372161865,
            0.16390150785446167,
            0.5363876819610596,
            -1.943730115890503
          ]
        },
        "x2": {
          "shape": [
            100,
            128
          ],
          "dtype": "float32",
          "sample_values": [
            1.269111156463623,
            -0.14435921609401703,
            -0.35673490166664124,
            0.49771806597709656,
            0.5137603878974915,
            0.6212450861930847,
            0.24352297186851501,
            0.4878961443901062,
            0.46236130595207214,
            -0.7245872616767883
          ]
        },
        "axis": 1,
        "eps": 1e-06
      },
      "execution_result": {
        "tensorflow_api": "tf.keras.losses.cosine_similarity",
        "paddle_api": "paddle.nn.functional.cosine_similarity",
        "tensorflow_success": true,
        "paddle_success": true,
        "results_match": false,
        "tensorflow_error": null,
        "paddle_error": null,
        "comparison_error": "数值不匹配，最大差异: 0.3607933819293976",
        "tensorflow_shape": [
          100
        ],
        "paddle_shape": [
          100
        ],
        "tensorflow_dtype": "<dtype: 'float32'>",
        "paddle_dtype": "paddle.float32",
        "status": "compared"
      },
      "llm_operation": {
        "operation": "repair",
        "reason": "TensorFlow的cosine_similarity返回的是负余弦相似度（作为loss），而Paddle的cosine_similarity返回正余弦相似度；需对Paddle结果取负以对齐语义，且eps应保持默认1e-8避免引入偏差"
      },
      "is_llm_generated": true,
      "case_number": 1
    },
    {
      "iteration": 3,
      "tensorflow_test_case": {
        "api": "tf.keras.losses.cosine_similarity",
        "y_true": {
          "shape": [
            100,
            128
          ],
          "dtype": "float32",
          "sample_values": [
            0.9497504830360413,
            -1.3015860319137573,
            -0.1378534585237503,
            -0.6089972853660583,
            -0.827354371547699,
            0.7512500882148743,
            0.10668043792247772,
            0.15081433951854706,
            -1.6497536897659302,
            0.8602735996246338
          ]
        },
        "y_pred": {
          "shape": [
            100,
            128
          ],
          "dtype": "float32",