{
  "operator": "torch.nn.functional.conv1d",
  "timestamp": "2026-02-03T00:53:17.516829",
  "total_iterations": 3,
  "llm_generated_test_cases": 2,
  "successful_test_cases": 0,
  "results": [
    {
      "iteration": 1,
      "tensorflow_test_case": {
        "weight": {
          "shape": [
            33,
            16,
            3
          ],
          "dtype": "float32",
          "sample_values": [
            -0.3215876817703247,
            -1.5436304807662964,
            0.9674293994903564,
            0.9084142446517944,
            0.7107740044593811,
            -0.18194544315338135,
            0.5970560908317566,
            0.8937618136405945,
            1.6201586723327637,
            0.9885261058807373
          ]
        },
        "bias": {
          "shape": [
            33
          ],
          "dtype": "float32",
          "sample_values": [
            1.0708576440811157,
            0.8543173670768738,
            1.291747808456421,
            0.2805749773979187,
            -0.5829294919967651,
            1.0945732593536377,
            1.1328421831130981,
            1.1053138971328735,
            0.04450208321213722,
            -0.7161945104598999
          ]
        },
        "stride": [
          2
        ],
        "padding": [
          0
        ],
        "dilation": [
          1
        ],
        "groups": 1,
        "api": "tf.nn.conv1d",
        "x": {
          "shape": [
            20,
            16,
            50
          ],
          "dtype": "float32",
          "sample_values": [
            -0.898414671421051,
            0.4919191598892212,
            -1.3202332258224487,
            1.8314588069915771,
            1.1794401407241821,
            -0.46917566657066345,
            -1.713134527206421,
            1.3538724184036255,
            -0.11453984677791595,
            1.237816333770752
          ]
        }
      },
      "paddle_test_case": {
        "input": {
          "shape": [
            20,
            16,
            50
          ],
          "dtype": "float32",
          "sample_values": [
            -0.898414671421051,
            0.4919191598892212,
            -1.3202332258224487,
            1.8314588069915771,
            1.1794401407241821,
            -0.46917566657066345,
            -1.713134527206421,
            1.3538724184036255,
            -0.11453984677791595,
            1.237816333770752
          ]
        },
        "weight": {
          "shape": [
            33,
            16,
            3
          ],
          "dtype": "float32",
          "sample_values": [
            -0.3215876817703247,
            -1.5436304807662964,
            0.9674293994903564,
            0.9084142446517944,
            0.7107740044593811,
            -0.18194544315338135,
            0.5970560908317566,
            0.8937618136405945,
            1.6201586723327637,
            0.9885261058807373
          ]
        },
        "bias": {
          "shape": [
            33
          ],
          "dtype": "float32",
          "sample_values": [
            1.0708576440811157,
            0.8543173670768738,
            1.291747808456421,
            0.2805749773979187,
            -0.5829294919967651,
            1.0945732593536377,
            1.1328421831130981,
            1.1053138971328735,
            0.04450208321213722,
            -0.7161945104598999
          ]
        },
        "stride": [
          2
        ],
        "padding": [
          0
        ],
        "dilation": [
          1
        ],
        "groups": 1,
        "api": "paddle.nn.functional.conv1d"
      },
      "execution_result": {
        "tensorflow_api": "tf.nn.conv1d",
        "paddle_api": "paddle.nn.functional.conv1d",
        "tensorflow_success": false,
        "paddle_success": true,
        "results_match": false,
        "tensorflow_error": "Got an unexpected keyword argument 'weight'",
        "paddle_error": null,
        "comparison_error": null,
        "tensorflow_shape": null,
        "paddle_shape": [
          20,
          33,
          24
        ],
        "tensorflow_dtype": null,
        "paddle_dtype": "paddle.float32",
        "status": "tensorflow_failed",
        "tensorflow_traceback": "Traceback (most recent call last):\n  File \"D:\\graduate\\DFrameworkTest\\tf_pd_test\\llm_enhanced_compare.py\", line 761, in execute_test_case\n    tensorflow_result = tensorflow_func(*args, **kwargs)\n  File \"D:\\anaconda3\\envs\\tf_env\\lib\\site-packages\\tensorflow\\python\\util\\traceback_utils.py\", line 153, in error_handler\n    raise e.with_traceback(filtered_tb) from None\n  File \"D:\\anaconda3\\envs\\tf_env\\lib\\site-packages\\tensorflow\\python\\util\\dispatch.py\", line 1254, in op_dispatch_handler\n    result = api_dispatcher.Dispatch(args, kwargs)\nTypeError: Got an unexpected keyword argument 'weight'\n"
      },
      "llm_operation": {
        "operation": "repair",
        "reason": "TensorFlow tf.nn.conv1d does not accept 'weight' parameter; it expects 'filters' and 'input' (x), and has no 'bias' arg — bias must be added separately. Also data_format must be specified to match Paddle's NCL layout."
      },
      "is_llm_generated": false,
      "case_number": 1
    },
    {
      "iteration": 2,
      "tensorflow_test_case": {
        "api": "tf.nn.conv1d",
        "input": {
          "shape": [
            20,
            50,
            16
          ],
          "dtype": "float32",
          "sample_values": [
            -0.17182505130767822,
            -0.45902323722839355,
            0.4353581368923187,
            0.5503036975860596,
            0.8910786509513855,
            0.3481988310813904,
            0.17165377736091614,
            1.854023814201355,
            -1.524359107017517,
            1.6956098079681396
          ]
        },
        "filters": {
          "shape": [
            3,
            16,
            33
          ],
          "dtype": "float32",
          "sample_values": [
            -0.9191586375236511,
            -1.1046249866485596,
            -0.6807215809822083,
            2.0365824699401855,
            -0.41274410486221313,
            1.2328667640686035,
            -0.46866050362586975,
            0.8888388276100159,
            0.9024916291236877,
            0.9525905251502991
          ]
        },
        "stride": 2,
        "padding": "VALID",
        "dilation_rate": 1,
        "data_format": "NWC"
      },
      "paddle_test_case": {
        "api": "paddle.nn.functional.conv1d",
        "input": {
          "shape": [
            20,
            50,
            16
          ],
          "dtype": "float32",
          "sample_values": [
            -0.17182505130767822,
            -0.45902323722839355,
            0.4353581368923187,
            0.5503036975860596,
            0.8910786509513855,
            0.3481988310813904,
            0.17165377736091614,
            1.854023814201355,
            -1.524359107017517,
            1.6956098079681396
          ]
        },
        "weight": {
          "shape": [
            33,
            16,
            3
          ],
          "dtype": "float32",
          "sample_values": [
            -1.735310673713684,
            -1.2758710384368896,
            -0.03347481042146683,
            0.6751644015312195,
            -2.9760324954986572,
            1.3227428197860718,
            0.131112203001976,
            -1.567772388458252,
            0.10094697028398514,
            1.0925253629684448
          ]
        },
        "bias": {
          "shape": [
            33
          ],
          "dtype": "float32",