{
  "operator": "torch.nn.functional.instance_norm",
  "timestamp": "2025-12-15T23:12:25.678745",
  "total_iterations": 3,
  "llm_generated_test_cases": 0,
  "successful_test_cases": 0,
  "results": [
    {
      "iteration": 1,
      "torch_test_case": {
        "input": {
          "shape": [
            1,
            32,
            1080,
            1080
          ],
          "dtype": "float32",
          "sample_values": [
            0.3158188760280609,
            -0.21943733096122742,
            -0.8957422375679016,
            0.6295396089553833,
            -0.18845777213573456,
            0.36243388056755066,
            0.9766649007797241,
            0.7994719743728638,
            0.19708168506622314,
            0.8742135167121887
          ]
        },
        "running_mean": null,
        "running_var": null,
        "weight": {
          "shape": [
            32
          ],
          "dtype": "float32",
          "sample_values": [
            -1.9415223598480225,
            -1.5521106719970703,
            0.5556609034538269,
            0.43606069684028625,
            1.1517938375473022,
            -2.330702304840088,
            -0.5145257711410522,
            0.05057916417717934,
            1.9749077558517456,
            -0.47825074195861816
          ]
        },
        "bias": {
          "shape": [
            32
          ],
          "dtype": "float32",
          "sample_values": [
            0.21772430837154388,
            1.544587254524231,
            1.399520993232727,
            -0.4684445858001709,
            -1.0522981882095337,
            0.3200185298919678,
            1.620572805404663,
            -1.2789348363876343,
            -0.3756576180458069,
            0.12337784469127655
          ]
        },
        "use_input_stats": true,
        "momentum": 0.1,
        "eps": 1e-05,
        "api": "torch.nn.functional.instance_norm"
      },
      "tensorflow_test_case": {
        "input": {
          "shape": [
            1,
            32,
            1080,
            1080
          ],
          "dtype": "float32",
          "sample_values": [
            0.3158188760280609,
            -0.21943733096122742,
            -0.8957422375679016,
            0.6295396089553833,
            -0.18845777213573456,
            0.36243388056755066,
            0.9766649007797241,
            0.7994719743728638,
            0.19708168506622314,
            0.8742135167121887
          ]
        },
        "running_mean": null,
        "running_var": null,
        "weight": {
          "shape": [
            32
          ],
          "dtype": "float32",
          "sample_values": [
            -1.9415223598480225,
            -1.5521106719970703,
            0.5556609034538269,
            0.43606069684028625,
            1.1517938375473022,
            -2.330702304840088,
            -0.5145257711410522,
            0.05057916417717934,
            1.9749077558517456,
            -0.47825074195861816
          ]
        },
        "bias": {
          "shape": [
            32
          ],
          "dtype": "float32",
          "sample_values": [
            0.21772430837154388,
            1.544587254524231,
            1.399520993232727,
            -0.4684445858001709,
            -1.0522981882095337,
            0.3200185298919678,
            1.620572805404663,
            -1.2789348363876343,
            -0.3756576180458069,
            0.12337784469127655
          ]
        },
        "use_input_stats": true,
        "momentum": 0.1,
        "eps": 1e-05,
        "api": "torch.nn.functional.instance_norm"
      },
      "execution_result": {
        "torch_api": "torch.nn.functional.instance_norm",
        "tensorflow_api": "tf.nn.instance_norm",
        "torch_success": true,
        "tensorflow_success": false,
        "results_match": false,
        "torch_error": null,
        "tensorflow_error": "TensorFlow算子 tf.nn.instance_norm 未找到",
        "comparison_error": null,
        "torch_shape": [
          1,
          32,
          1080,
          1080
        ],
        "tensorflow_shape": null,
        "torch_dtype": "torch.float32",
        "tensorflow_dtype": null,
        "status": "tensorflow_failed"
      },
      "llm_operation": {
        "operation": "skip",
        "reason": "TensorFlow算子 tf.nn.instance_norm 未找到，说明该算子在TensorFlow中不存在或已被移除，无法进行修复或变异"
      },
      "is_llm_generated": false,
      "case_number": 1
    },
    {
      "iteration": 1,
      "torch_test_case": {
        "input": {
          "shape": [
            1,
            64,
            540,
            540
          ],
          "dtype": "float32",
          "sample_values": [
            -0.1997535228729248,
            0.7886727452278137,
            1.564836025238037,
            -0.14863020181655884,
            1.62956702709198,
            -0.9169279336929321,
            2.0826468467712402,
            0.4265157878398895,
            -1.1490689516067505,
            0.5875561833381653
          ]
        },
        "running_mean": null,
        "running_var": null,
        "weight": {
          "shape": [
            64
          ],
          "dtype": "float32",
          "sample_values": [
            -0.649478554725647,
            0.945116400718689,
            0.9113115072250366,
            0.03047844022512436,
            1.477468490600586,
            -0.18330857157707214,
            -0.23496167361736298,
            1.046223521232605,
            -0.8963631987571716,
            0.1344226598739624
          ]
        },
        "bias": {
          "shape": [
            64
          ],
          "dtype": "float32",
          "sample_values": [
            0.49545061588287354,
            -0.1935882568359375,
            0.007873184978961945,
            -0.14056313037872314,
            0.5509419441223145,
            -0.16380740702152252,
            1.584211826324463,
            0.01651514321565628,
            -1.1580578088760376,
            -0.7998878359794617
          ]
        },
        "use_input_stats": true,
        "momentum": 0.1,
        "eps": 1e-05,
        "api": "torch.nn.functional.instance_norm"
      },
      "tensorflow_test_case": {
        "input": {
          "shape": [
            1,
            64,
            540,
            540
          ],
          "dtype": "float32",
          "sample_values": [
            -0.1997535228729248,
            0.7886727452278137,
            1.564836025238037,
            -0.14863020181655884,
            1.62956702709198,
            -0.9169279336929321,
            2.0826468467712402,
            0.4265157878398895,
            -1.1490689516067505,
            0.5875561833381653
          ]
        },
        "running_mean": null,
        "running_var": null,
        "weight": {
          "shape": [
            64
          ],
          "dtype": "float32",
          "sample_values": [
            -0.649478554725647,
            0.945116400718689,
            0.9113115072250366,
            0.03047844022512436,
            1.477468490600586,
            -0.18330857157707214,
            -0.23496167361736298,
            1.046223521232605,
            -0.8963631987571716,
            0.1344226598739624
          ]
        },
        "bias": {
          "shape": [
            64
          ],
          "dtype": "float32",
          "sample_values": [
            0.49545061588287354,
            -0.1935882568359375,
            0.007873184978961945,
            -0.14056313037872314,
            0.5509419441223145,
            -0.16380740702152252,
            1.584211826324463,
            0.01651514321565628,
            -1.1580578088760376,
            -0.7998878359794617
          ]
        },
        "use_input_stats": true,
        "momentum": 0.1,
        "eps": 1e-05,
        "api": "torch.nn.functional.instance_norm"
      },
      "execution_result": {
        "torch_api": "torch.nn.functional.instance_norm",