{
  "operator": "torch.nn.functional.cosine_similarity",
  "timestamp": "2025-12-15T16:48:57.375571",
  "total_iterations": 1,
  "llm_generated_test_cases": 0,
  "successful_test_cases": 0,
  "results": [
    {
      "iteration": 1,
      "torch_test_case": {
        "x1": {
          "shape": [
            100,
            128
          ],
          "dtype": "float32",
          "sample_values": [
            -1.3845869302749634,
            0.7167940139770508,
            1.150070309638977,
            -0.04678013175725937,
            -0.9784257411956787,
            0.24550269544124603,
            -0.06959466636180878,
            -0.39632129669189453,
            0.32845640182495117,
            -0.6674563884735107
          ]
        },
        "x2": {
          "shape": [
            100,
            128
          ],
          "dtype": "float32",
          "sample_values": [
            0.5697299242019653,
            1.3971658945083618,
            -1.251106858253479,
            -0.7423110008239746,
            1.466013789176941,
            1.6938368082046509,
            -0.32792046666145325,
            2.1852047443389893,
            0.7027358412742615,
            0.09007269889116287
          ]
        },
        "dim": 1,
        "eps": 1e-06,
        "api": "torch.nn.functional.cosine_similarity"
      },
      "tensorflow_test_case": {
        "x1": {
          "shape": [
            100,
            128
          ],
          "dtype": "float32",
          "sample_values": [
            -1.3845869302749634,
            0.7167940139770508,
            1.150070309638977,
            -0.04678013175725937,
            -0.9784257411956787,
            0.24550269544124603,
            -0.06959466636180878,
            -0.39632129669189453,
            0.32845640182495117,
            -0.6674563884735107
          ]
        },
        "x2": {
          "shape": [
            100,
            128
          ],
          "dtype": "float32",
          "sample_values": [
            0.5697299242019653,
            1.3971658945083618,
            -1.251106858253479,
            -0.7423110008239746,
            1.466013789176941,
            1.6938368082046509,
            -0.32792046666145325,
            2.1852047443389893,
            0.7027358412742615,
            0.09007269889116287
          ]
        },
        "dim": 1,
        "eps": 1e-06,
        "api": "torch.nn.functional.cosine_similarity"
      },
      "execution_result": {
        "torch_api": "torch.nn.functional.cosine_similarity",
        "tensorflow_api": "tf.losses.cosine_distance",
        "torch_success": true,
        "tensorflow_success": false,
        "results_match": false,
        "torch_error": null,
        "tensorflow_error": "TensorFlow算子 tf.losses.cosine_distance 未找到",
        "comparison_error": null,
        "torch_shape": [
          100
        ],
        "tensorflow_shape": null,
        "torch_dtype": "torch.float32",
        "tensorflow_dtype": null,
        "status": "tensorflow_failed"
      },
      "llm_operation": {
        "operation": "skip",
        "reason": "TensorFlow算子 tf.losses.cosine_distance 未找到，说明该算子在当前TensorFlow版本中不存在或已被移除，且与PyTorch的 torch.nn.functional.cosine_similarity 语义不一致（cosine_distance 是损失函数形式，通常为 1 - cosine_similarity），无法直接对应。因此无法修复或变异为等价测试用例。"
      },
      "is_llm_generated": false,
      "case_number": 1
    }
  ]
}