{
  "operator": "torch.nn.functional.layer_norm",
  "timestamp": "2025-12-15T23:53:24.551583",
  "total_iterations": 3,
  "llm_generated_test_cases": 0,
  "successful_test_cases": 0,
  "results": [
    {
      "iteration": 1,
      "torch_test_case": {
        "input": {
          "shape": [
            11,
            1,
            1024
          ],
          "dtype": "float32",
          "sample_values": [
            -1.455622673034668,
            0.9061525464057922,
            0.6600701808929443,
            0.3146752715110779,
            -0.9805185794830322,
            -0.6149170994758606,
            -0.8619043827056885,
            1.1527892351150513,
            -0.2734900414943695,
            -0.7507205605506897
          ]
        },
        "normalized_shape": [
          1024
        ],
        "weight": {
          "shape": [
            1024
          ],
          "dtype": "float32",
          "sample_values": [
            0.15377020835876465,
            1.0468195676803589,
            -0.8339952826499939,
            0.05552619323134422,
            0.4748225808143616,
            -0.19273421168327332,
            0.29083797335624695,
            0.6034482717514038,
            1.7839425802230835,
            1.030931830406189
          ]
        },
        "bias": {
          "shape": [
            1024
          ],
          "dtype": "float32",
          "sample_values": [
            -0.9706228971481323,
            0.5801325440406799,
            0.3119402527809143,
            -1.7017451524734497,
            0.5873225331306458,
            0.4099637269973755,
            1.7860625982284546,
            -0.19565284252166748,
            -1.0362635850906372,
            -0.5259279608726501
          ]
        },
        "eps": 1e-05,
        "api": "torch.nn.functional.layer_norm"
      },
      "tensorflow_test_case": {
        "input": {
          "shape": [
            11,
            1,
            1024
          ],
          "dtype": "float32",
          "sample_values": [
            -1.455622673034668,
            0.9061525464057922,
            0.6600701808929443,
            0.3146752715110779,
            -0.9805185794830322,
            -0.6149170994758606,
            -0.8619043827056885,
            1.1527892351150513,
            -0.2734900414943695,
            -0.7507205605506897
          ]
        },
        "normalized_shape": [
          1024
        ],
        "weight": {
          "shape": [
            1024
          ],
          "dtype": "float32",
          "sample_values": [
            0.15377020835876465,
            1.0468195676803589,
            -0.8339952826499939,
            0.05552619323134422,
            0.4748225808143616,
            -0.19273421168327332,
            0.29083797335624695,
            0.6034482717514038,
            1.7839425802230835,
            1.030931830406189
          ]
        },
        "bias": {
          "shape": [
            1024
          ],
          "dtype": "float32",
          "sample_values": [
            -0.9706228971481323,
            0.5801325440406799,
            0.3119402527809143,
            -1.7017451524734497,
            0.5873225331306458,
            0.4099637269973755,
            1.7860625982284546,
            -0.19565284252166748,
            -1.0362635850906372,
            -0.5259279608726501
          ]
        },
        "eps": 1e-05,
        "api": "torch.nn.functional.layer_norm"
      },
      "execution_result": {
        "torch_api": "torch.nn.functional.layer_norm",
        "tensorflow_api": "tf.nn.layer_norm",
        "torch_success": true,
        "tensorflow_success": false,
        "results_match": false,
        "torch_error": null,
        "tensorflow_error": "TensorFlow算子 tf.nn.layer_norm 未找到",
        "comparison_error": null,
        "torch_shape": [
          11,
          1,
          1024
        ],
        "tensorflow_shape": null,
        "torch_dtype": "torch.float32",
        "tensorflow_dtype": null,
        "status": "tensorflow_failed"
      },
      "llm_operation": {
        "operation": "skip",
        "reason": "TensorFlow算子 tf.nn.layer_norm 未找到，说明该算子在当前TensorFlow版本中不存在或已移除，无法进行修复或变异"
      },
      "is_llm_generated": false,
      "case_number": 1
    },
    {
      "iteration": 1,
      "torch_test_case": {
        "input": {
          "shape": [
            1,
            5,
            1024
          ],
          "dtype": "float32",
          "sample_values": [
            -0.16010642051696777,
            -0.545745849609375,
            0.8722437024116516,
            -0.4751935601234436,
            0.924664318561554,
            -1.1595677137374878,
            -1.3631362915039062,
            -0.015115425921976566,
            0.04181305691599846,
            0.8577550649642944
          ]
        },
        "normalized_shape": [
          1024
        ],
        "weight": {
          "shape": [
            1024
          ],
          "dtype": "float32",
          "sample_values": [
            -1.0667728185653687,
            1.4252535104751587,
            -1.2616921663284302,
            0.7400352358818054,
            -1.3810120820999146,
            -2.0034167766571045,
            0.8707045316696167,
            -0.3027367889881134,
            -0.9580778479576111,
            0.31621837615966797
          ]
        },
        "bias": {
          "shape": [
            1024
          ],
          "dtype": "float32",
          "sample_values": [
            0.23154740035533905,
            -1.2581512928009033,
            -0.6571870446205139,
            0.0009096480789594352,
            -0.4888361096382141,
            -0.3563742935657501,
            -1.1345964670181274,
            0.4356359541416168,
            -2.2819602489471436,
            -1.4216185808181763
          ]
        },
        "eps": 1e-05,
        "api": "torch.nn.functional.layer_norm"
      },
      "tensorflow_test_case": {
        "input": {
          "shape": [
            1,
            5,
            1024
          ],
          "dtype": "float32",
          "sample_values": [
            -0.16010642051696777,
            -0.545745849609375,
            0.8722437024116516,
            -0.4751935601234436,
            0.924664318561554,
            -1.1595677137374878,
            -1.3631362915039062,
            -0.015115425921976566,
            0.04181305691599846,
            0.8577550649642944
          ]
        },
        "normalized_shape": [
          1024
        ],
        "weight": {
          "shape": [
            1024
          ],
          "dtype": "float32",
          "sample_values": [
            -1.0667728185653687,
            1.4252535104751587,
            -1.2616921663284302,
            0.7400352358818054,
            -1.3810120820999146,
            -2.0034167766571045,
            0.8707045316696167,
            -0.3027367889881134,
            -0.9580778479576111,
            0.31621837615966797
          ]
        },
        "bias": {
          "shape": [
            1024
          ],
          "dtype": "float32",
          "sample_values": [
            0.23154740035533905,
            -1.2581512928009033,
            -0.6571870446205139,
            0.0009096480789594352,
            -0.4888361096382141,
            -0.3563742935657501,
            -1.1345964670181274,
            0.4356359541416168,
            -2.2819602489471436,
            -1.4216185808181763
          ]
        },
        "eps": 1e-05,
        "api": "torch.nn.functional.layer_norm"
      },
      "execution_result": {
        "torch_api": "torch.nn.functional.layer_norm",
        "tensorflow_api": "tf.nn.layer_norm",
        "torch_success": true,
        "tensorflow_success": false,
        "results_match": false,
        "torch_error": null,
        "tensorflow_error": "TensorFlow算子 tf.nn.layer_norm 未找到",
        "comparison_error": null,