{
  "operator": "torch.nn.functional.cosine_similarity",
  "timestamp": "2026-02-03T12:06:47.390814",
  "total_iterations": 4,
  "llm_generated_test_cases": 3,
  "successful_test_cases": 3,
  "results": [
    {
      "iteration": 1,
      "tensorflow_test_case": {
        "x1": {
          "shape": [
            100,
            128
          ],
          "dtype": "float32",
          "sample_values": [
            -0.8737024664878845,
            -1.7102229595184326,
            -0.9041950106620789,
            0.49136820435523987,
            -0.1058172658085823,
            -0.3042563199996948,
            -1.5656858682632446,
            -0.4246370792388916,
            0.09287368506193161,
            0.45738205313682556
          ]
        },
        "x2": {
          "shape": [
            100,
            128
          ],
          "dtype": "float32",
          "sample_values": [
            -0.25668758153915405,
            -0.795494794845581,
            0.27380651235580444,
            0.8459033370018005,
            0.3847200274467468,
            1.271799087524414,
            -0.6371957659721375,
            0.12278854101896286,
            0.845044732093811,
            1.176814317703247
          ]
        },
        "dim": 1,
        "eps": 1e-06,
        "api": "tf.keras.losses.cosine_similarity"
      },
      "mindspore_test_case": {
        "x1": {
          "shape": [
            100,
            128
          ],
          "dtype": "float32",
          "sample_values": [
            -0.8737024664878845,
            -1.7102229595184326,
            -0.9041950106620789,
            0.49136820435523987,
            -0.1058172658085823,
            -0.3042563199996948,
            -1.5656858682632446,
            -0.4246370792388916,
            0.09287368506193161,
            0.45738205313682556
          ]
        },
        "x2": {
          "shape": [
            100,
            128
          ],
          "dtype": "float32",
          "sample_values": [
            -0.25668758153915405,
            -0.795494794845581,
            0.27380651235580444,
            0.8459033370018005,
            0.3847200274467468,
            1.271799087524414,
            -0.6371957659721375,
            0.12278854101896286,
            0.845044732093811,
            1.176814317703247
          ]
        },
        "dim": 1,
        "eps": 1e-06,
        "api": "mindspore.ops.cosine_similarity"
      },
      "execution_result": {
        "tensorflow_api": "tf.keras.losses.cosine_similarity",
        "mindspore_api": "mindspore.ops.cosine_similarity",
        "tensorflow_success": false,
        "mindspore_success": true,
        "results_match": false,
        "tensorflow_error": "cosine_similarity() got an unexpected keyword argument 'x1'",
        "mindspore_error": null,
        "comparison_error": null,
        "tensorflow_shape": null,
        "mindspore_shape": [
          100
        ],
        "tensorflow_dtype": null,
        "mindspore_dtype": "Float32",
        "status": "tensorflow_failed",
        "tensorflow_traceback": "Traceback (most recent call last):\n  File \"D:\\graduate\\DFrameworkTest\\tf_ms_test\\llm_enhanced_compare.py\", line 787, in execute_test_case\n    tensorflow_result = tensorflow_func(*args, **kwargs)\nTypeError: cosine_similarity() got an unexpected keyword argument 'x1'\n"
      },
      "llm_operation": {
        "operation": "repair",
        "reason": "TensorFlow cosine_similarity expects y_true/y_pred and axis, not x1/x2/dim/eps; MindSpore uses x1/x2/dim/eps. Must align parameter names and semantics per framework docs."
      },
      "is_llm_generated": false,
      "case_number": 1
    },
    {
      "iteration": 2,
      "tensorflow_test_case": {
        "api": "tf.keras.losses.cosine_similarity",
        "y_true": {
          "shape": [
            100,
            128
          ],
          "dtype": "float32",
          "sample_values": [
            -0.39014506340026855,
            1.310943841934204,
            1.0738884210586548,
            0.7142050862312317,
            1.7265597581863403,
            -0.7805313467979431,
            -1.3927379846572876,
            -1.8074088096618652,
            0.5255445241928101,
            1.2894796133041382
          ]
        },
        "y_pred": {
          "shape": [
            100,
            128
          ],
          "dtype": "float32",
          "sample_values": [
            -0.25980326533317566,
            1.2831956148147583,
            -1.3882122039794922,
            -1.09153413772583,
            -0.6857233643531799,
            1.1710439920425415,
            0.6754764914512634,
            1.7976293563842773,
            -0.4079975485801697,
            -1.246347188949585
          ]
        },
        "axis": 1
      },
      "mindspore_test_case": {
        "api": "mindspore.ops.cosine_similarity",
        "x1": {
          "shape": [
            100,
            128
          ],
          "dtype": "float32",
          "sample_values": [
            0.0839514210820198,
            1.1343445777893066,
            0.11394061893224716,
            -1.3106412887573242,
            -1.1834369897842407,
            0.71001136302948,
            0.31869179010391235,
            -0.953555166721344,
            -0.4819953441619873,
            0.711158275604248
          ]
        },
        "x2": {
          "shape": [
            100,
            128
          ],
          "dtype": "float32",
          "sample_values": [
            -0.77092444896698,
            0.2557459771633148,
            0.24947215616703033,
            0.09160323441028595,
            -0.4410978853702545,
            -0.009884404949843884,
            0.4490855038166046,
            -1.246502161026001,
            1.8932956457138062,
            0.24181503057479858
          ]
        },
        "dim": 1,
        "eps": 1e-06
      },
      "execution_result": {
        "tensorflow_api": "tf.keras.losses.cosine_similarity",
        "mindspore_api": "mindspore.ops.cosine_similarity",
        "tensorflow_success": true,
        "mindspore_success": true,
        "results_match": false,
        "tensorflow_error": null,
        "mindspore_error": null,
        "comparison_error": "数值不匹配，最大差异: 0.2715286314487457",
        "tensorflow_shape": [
          100
        ],
        "mindspore_shape": [
          100
        ],
        "tensorflow_dtype": "<dtype: 'float32'>",
        "mindspore_dtype": "Float32",
        "status": "compared"
      },
      "llm_operation": {
        "operation": "repair",
        "reason": "TensorFlow的cosine_similarity返回的是负余弦相似度（作为loss），而MindSpore的cosine_similarity返回正余弦相似度；需对MindSpore结果取负以语义对齐，且eps参数在TF中无对应，应移除或忽略。"
      },
      "is_llm_generated": true,
      "case_number": 1
    },
    {
      "iteration": 3,
      "tensorflow_test_case": {
        "api": "tf.keras.losses.cosine_similarity",
        "y_true": {
          "shape": [
            100,
            128
          ],
          "dtype": "float32",
          "sample_values": [
            0.30779626965522766,
            0.4376126229763031,
            0.11497131735086441,
            -0.4113128185272217,
            1.0311791896820068,
            0.26818007230758667,
            0.8939846754074097,
            -0.2579196095466614,
            1.3230957984924316,
            1.9984195232391357
          ]
        },
        "y_pred": {
          "shape": [
            100,
            128
          ],
          "dtype": "float32",
          "sample_values": [
            0.2052382379770279,
            0.19720546901226044,
            -0.5184680819511414,
            -1.351088047027588,
            -0.4800730347633362,
            -0.36862847208976746,
            0.7907974720001221,
            0.6076293587684631,
            -1.6234140396118164,
            0.36326342821121216
          ]
        },
        "axis": 1
      },