{
  "operator": "torch.nn.functional.conv1d",
  "timestamp": "2026-02-03T12:09:34.240003",
  "total_iterations": 4,
  "llm_generated_test_cases": 3,
  "successful_test_cases": 0,
  "results": [
    {
      "iteration": 1,
      "tensorflow_test_case": {
        "weight": {
          "shape": [
            33,
            16,
            3
          ],
          "dtype": "float32",
          "sample_values": [
            -0.010228067636489868,
            2.4029319286346436,
            0.7612451910972595,
            0.6666025519371033,
            -0.34540995955467224,
            2.1298389434814453,
            0.6258996725082397,
            -0.3105659484863281,
            -1.1765859127044678,
            -0.7663822174072266
          ]
        },
        "bias": {
          "shape": [
            33
          ],
          "dtype": "float32",
          "sample_values": [
            -1.8230102062225342,
            0.5761290788650513,
            -1.4390560388565063,
            0.7514513731002808,
            1.008094072341919,
            0.6160629391670227,
            0.453041136264801,
            0.18002736568450928,
            0.3462315797805786,
            -0.45316240191459656
          ]
        },
        "stride": [
          2
        ],
        "padding": [
          0
        ],
        "dilation": [
          1
        ],
        "groups": 1,
        "api": "tf.nn.conv1d",
        "x": {
          "shape": [
            20,
            16,
            50
          ],
          "dtype": "float32",
          "sample_values": [
            -1.4097533226013184,
            2.113203525543213,
            0.06143806502223015,
            1.5297561883926392,
            0.9847827553749084,
            0.5825726389884949,
            -0.362402081489563,
            -0.24555253982543945,
            0.78797847032547,
            -2.2761385440826416
          ]
        }
      },
      "mindspore_test_case": {
        "weight": {
          "shape": [
            33,
            16,
            3
          ],
          "dtype": "float32",
          "sample_values": [
            -0.010228067636489868,
            2.4029319286346436,
            0.7612451910972595,
            0.6666025519371033,
            -0.34540995955467224,
            2.1298389434814453,
            0.6258996725082397,
            -0.3105659484863281,
            -1.1765859127044678,
            -0.7663822174072266
          ]
        },
        "bias": {
          "shape": [
            33
          ],
          "dtype": "float32",
          "sample_values": [
            -1.8230102062225342,
            0.5761290788650513,
            -1.4390560388565063,
            0.7514513731002808,
            1.008094072341919,
            0.6160629391670227,
            0.453041136264801,
            0.18002736568450928,
            0.3462315797805786,
            -0.45316240191459656
          ]
        },
        "stride": [
          2
        ],
        "padding": [
          0
        ],
        "dilation": [
          1
        ],
        "groups": 1,
        "api": "mindspore.ops.Conv1D",
        "x": {
          "shape": [
            20,
            16,
            50
          ],
          "dtype": "float32",
          "sample_values": [
            -1.4097533226013184,
            2.113203525543213,
            0.06143806502223015,
            1.5297561883926392,
            0.9847827553749084,
            0.5825726389884949,
            -0.362402081489563,
            -0.24555253982543945,
            0.78797847032547,
            -2.2761385440826416
          ]
        }
      },
      "execution_result": {
        "tensorflow_api": "tf.nn.conv1d",
        "mindspore_api": "mindspore.ops.Conv1D",
        "tensorflow_success": false,
        "mindspore_success": false,
        "results_match": false,
        "tensorflow_error": "Got an unexpected keyword argument 'weight'",
        "mindspore_error": "MindSporeз®—еӯҗ mindspore.ops.Conv1D жңӘжүҫеҲ°",
        "comparison_error": null,
        "tensorflow_shape": null,
        "mindspore_shape": null,
        "tensorflow_dtype": null,
        "mindspore_dtype": null,
        "status": "both_failed",
        "tensorflow_traceback": "Traceback (most recent call last):\n  File \"D:\\graduate\\DFrameworkTest\\tf_ms_test\\llm_enhanced_compare.py\", line 787, in execute_test_case\n    tensorflow_result = tensorflow_func(*args, **kwargs)\n  File \"D:\\anaconda3\\envs\\tf_env\\lib\\site-packages\\tensorflow\\python\\util\\traceback_utils.py\", line 153, in error_handler\n    raise e.with_traceback(filtered_tb) from None\n  File \"D:\\anaconda3\\envs\\tf_env\\lib\\site-packages\\tensorflow\\python\\util\\dispatch.py\", line 1254, in op_dispatch_handler\n    result = api_dispatcher.Dispatch(args, kwargs)\nTypeError: Got an unexpected keyword argument 'weight'\n"
      },
      "llm_operation": {
        "operation": "repair",
        "reason": "TensorFlow tf.nn.conv1dдёҚжҺҘеҸ—'weight'еҸӮж•°пјҢйңҖз”Ё'filters'пјӣMindSporeж— Conv1Dзұ»пјҢеә”дҪҝз”Ёnn.Conv1dжҲ–ops.Conv2DйҖӮй…ҚпјҢдё”йңҖе®һдҫӢеҢ–е№¶и°ғж•ҙиҫ“е…Ҙж јејҸпјҲNCW/NWCпјү"
      },
      "is_llm_generated": false,
      "case_number": 1
    },
    {
      "iteration": 2,
      "tensorflow_test_case": {
        "api": "tf.nn.conv1d",
        "filters": {
          "shape": [
            3,
            16,
            33
          ],
          "dtype": "float32",
          "sample_values": [
            0.9400423765182495,
            -0.6031922101974487,
            0.6626056432723999,
            -1.2775071859359741,
            0.49355557560920715,
            -0.4059949517250061,
            0.4099336564540863,
            -0.49712616205215454,
            1.535138487815857,
            -1.866499900817871
          ]
        },
        "stride": 2,
        "padding": "VALID",
        "dilation_rate": 1,
        "data_format": "NWC",
        "x": {
          "shape": [
            20,
            50,
            16
          ],
          "dtype": "float32",
          "sample_values": [
            1.309271216392517,
            0.784107506275177,
            0.07097595930099487,
            1.1446304321289062,
            -1.9662684202194214,
            0.013287870213389397,
            0.24393829703330994,
            0.6093000173568726,
            -0.7484508156776428,
            0.5867713093757629
          ]
        }
      },
      "mindspore_test_case": {
        "api": "mindspore.nn.Conv1d",
        "in_channels": 16,
        "out_channels": 33,
        "kernel_size": 3,
        "stride": 2,
        "pad_mode": "valid",
        "dilation": 1,
        "group": 1,
        "x": {
          "shape": [
            20,
            50,
            16
          ],
          "dtype": "float32",
          "sample_values": [
            1.309271216392517,
            0.784107506275177,
            0.07097595930099487,
            1.1446304321289062,
            -1.9662684202194214,
            0.013287870213389397,
            0.24393829703330994,
            0.6093000173568726,
            -0.7484508156776428,
            0.5867713093757629
          ]
        }
      },
      "execution_result": {
        "tensorflow_api": "tf.nn.conv1d",
        "mindspore_api": "mindspore.ops.Conv1D",
        "tensorflow_success": false,
        "mindspore_success": false,
        "results_match": false,
        "tensorflow_error": "Got an unexpected keyword argument 'dilation_rate'",
        "mindspore_error": "MindSporeз®—еӯҗ mindspore.ops.Conv1D жңӘжүҫеҲ°",
        "comparison_error": null,
        "tensorflow_shape": null,
        "mindspore_shape": null,
        "tensorflow_dtype": null,
        "mindspore_dtype": null,
        "status": "both_failed",