{
  "operator": "torch.nn.functional.pairwise_distance",
  "timestamp": "2025-12-02T01:25:23.493440",
  "total_iterations": 4,
  "llm_generated_test_cases": 3,
  "successful_test_cases": 1,
  "results": [
    {
      "iteration": 1,
      "torch_test_case": {
        "x1": {
          "shape": [
            100,
            128
          ],
          "dtype": "float32",
          "sample_values": [
            0.8422032594680786,
            0.15157540142536163,
            -0.8758421540260315,
            -0.29226627945899963,
            -0.7320516109466553,
            1.2510651350021362,
            0.047403041273355484,
            1.301041603088379,
            0.488118976354599,
            -0.5463039875030518
          ]
        },
        "x2": {
          "shape": [
            100,
            128
          ],
          "dtype": "float32",
          "sample_values": [
            -0.749370813369751,
            -2.332705020904541,
            -0.925296425819397,
            -0.23133237659931183,
            0.7949928641319275,
            -0.41364553570747375,
            0.06574378162622452,
            -0.07080035656690598,
            -1.0018539428710938,
            -1.6364036798477173
          ]
        },
        "p": 2,
        "eps": 1e-06,
        "keepdim": false,
        "api": "torch.nn.functional.pairwise_distance"
      },
      "paddle_test_case": {
        "x1": {
          "shape": [
            100,
            128
          ],
          "dtype": "float32",
          "sample_values": [
            0.8422032594680786,
            0.15157540142536163,
            -0.8758421540260315,
            -0.29226627945899963,
            -0.7320516109466553,
            1.2510651350021362,
            0.047403041273355484,
            1.301041603088379,
            0.488118976354599,
            -0.5463039875030518
          ]
        },
        "x2": {
          "shape": [
            100,
            128
          ],
          "dtype": "float32",
          "sample_values": [
            -0.749370813369751,
            -2.332705020904541,
            -0.925296425819397,
            -0.23133237659931183,
            0.7949928641319275,
            -0.41364553570747375,
            0.06574378162622452,
            -0.07080035656690598,
            -1.0018539428710938,
            -1.6364036798477173
          ]
        },
        "p": 2,
        "eps": 1e-06,
        "keepdim": false,
        "api": "torch.nn.functional.pairwise_distance"
      },
      "execution_result": {
        "torch_api": "torch.nn.functional.pairwise_distance",
        "paddle_api": "paddle.nn.functional.pairwise_distance",
        "torch_success": true,
        "paddle_success": false,
        "results_match": false,
        "torch_error": null,
        "paddle_error": "pairwise_distance() got an unexpected keyword argument 'x1'",
        "comparison_error": null,
        "torch_shape": [
          100
        ],
        "paddle_shape": null,
        "torch_dtype": "torch.float32",
        "paddle_dtype": null,
        "status": "paddle_failed",
        "paddle_traceback": "Traceback (most recent call last):\n  File \"D:\\graduate\\DFrameworkTest\\pt_pd_test\\llm_enhanced_compare.py\", line 614, in execute_test_case\n    paddle_result = paddle_func(*args, **kwargs)\nTypeError: pairwise_distance() got an unexpected keyword argument 'x1'\n"
      },
      "llm_operation": {
        "operation": "repair",
        "reason": "PaddlePaddle API paddle.nn.functional.pairwise_distance 不接受参数名 'x1'，而应使用 'x' 和 'y' 作为输入参数名。原始测试用例中错误地使用了 PyTorch 的参数名 'x1' 和 'x2'，导致 PaddlePaddle 报错 'got an unexpected keyword argument x1'。需要修复参数名以匹配 PaddlePaddle 的 API 签名。"
      },
      "is_llm_generated": false,
      "case_number": 1
    },
    {
      "iteration": 2,
      "torch_test_case": {
        "api": "torch.nn.functional.pairwise_distance",
        "x1": {
          "shape": [
            100,
            128
          ],
          "dtype": "float32",
          "sample_values": [
            -0.3220025599002838,
            0.8248600959777832,
            -0.19892653822898865,
            -1.6205552816390991,
            0.9970769286155701,
            -1.5882076025009155,
            -0.2711920440196991,
            -0.8151703476905823,
            0.6044837236404419,
            1.1313132047653198
          ]
        },
        "x2": {
          "shape": [
            100,
            128
          ],
          "dtype": "float32",
          "sample_values": [
            2.240269899368286,
            1.348223090171814,
            -1.4900603294372559,
            0.8295551538467407,
            -0.913905918598175,
            -1.2741267681121826,
            -0.4173206090927124,
            0.38146498799324036,
            -0.6180076599121094,
            -0.5928117632865906
          ]
        },
        "p": 2,
        "eps": 1e-06,
        "keepdim": false
      },
      "paddle_test_case": {
        "api": "paddle.nn.functional.pairwise_distance",
        "x": {
          "shape": [
            100,
            128
          ],
          "dtype": "float32",
          "sample_values": [
            1.5824981927871704,
            0.7287050485610962,
            0.5026236772537231,
            0.5550055503845215,
            -0.40835025906562805,
            -1.9376486539840698,
            0.6965992450714111,
            -1.5603424310684204,
            0.5345263481140137,
            0.33011457324028015
          ]
        },
        "y": {
          "shape": [
            100,
            128
          ],
          "dtype": "float32",
          "sample_values": [
            0.4009254276752472,
            0.23997433483600616,
            1.8117146492004395,
            -1.0749351978302002,
            0.33527085185050964,
            0.20532095432281494,
            0.4023735225200653,
            -0.4209974408149719,
            1.0625004768371582,
            0.6985812783241272
          ]
        },
        "p": 2,
        "eps": 1e-06,
        "keepdim": false
      },
      "execution_result": {
        "torch_api": "torch.nn.functional.pairwise_distance",
        "paddle_api": "paddle.nn.functional.pairwise_distance",
        "torch_success": true,
        "paddle_success": false,
        "results_match": false,
        "torch_error": null,
        "paddle_error": "pairwise_distance() got an unexpected keyword argument 'eps'",
        "comparison_error": null,
        "torch_shape": [
          100
        ],
        "paddle_shape": null,
        "torch_dtype": "torch.float32",
        "paddle_dtype": null,
        "status": "paddle_failed",
        "paddle_traceback": "Traceback (most recent call last):\n  File \"D:\\graduate\\DFrameworkTest\\pt_pd_test\\llm_enhanced_compare.py\", line 614, in execute_test_case\n    paddle_result = paddle_func(*args, **kwargs)\nTypeError: pairwise_distance() got an unexpected keyword argument 'eps'\n"
      },
      "llm_operation": {
        "operation": "repair",
        "reason": "PaddlePaddle的pairwise_distance API不支持'eps'参数，而PyTorch支持。错误信息明确指出'pairwise_distance() got an unexpected keyword argument 'eps''，因此需要从PaddlePaddle测试用例中移除'eps'参数以修复该问题。"
      },
      "is_llm_generated": true,
      "case_number": 1
    },
    {
      "iteration": 3,
      "torch_test_case": {
        "api": "torch.nn.functional.pairwise_distance",
        "x1": {
          "shape": [
            100,
            128
          ],
          "dtype": "float32",
          "sample_values": [
            0.04749922454357147,
            0.23055438697338104,
            -0.16772545874118805,
            0.42594221234321594,
            1.6532641649246216,
            2.1893155574798584,
            -0.45239782333374023,
            -0.6336861252784729,
            -1.9172505140304565,
            0.2192724049091339
          ]
        },
        "x2": {
          "shape": [
            100,
            128
          ],
          "dtype": "float32",