{
  "operator": "torch.nn.functional.conv3d",
  "timestamp": "2025-12-01T23:35:32.216683",
  "total_iterations": 4,
  "llm_generated_test_cases": 3,
  "successful_test_cases": 3,
  "results": [
    {
      "iteration": 1,
      "torch_test_case": {
        "input": {
          "shape": [
            20,
            16,
            10,
            50,
            100
          ],
          "dtype": "float32",
          "sample_values": [
            0.7752637267112732,
            0.8845512866973877,
            -0.017568811774253845,
            -0.7523747086524963,
            -0.981509268283844,
            0.2940584719181061,
            0.03562941402196884,
            -0.7505152225494385,
            -0.4497143030166626,
            -0.49824902415275574
          ]
        },
        "weight": {
          "shape": [
            33,
            16,
            3,
            5,
            2
          ],
          "dtype": "float32",
          "sample_values": [
            -0.09101136028766632,
            -0.6142028570175171,
            -1.0077792406082153,
            0.03650888055562973,
            -0.33617982268333435,
            0.5204266905784607,
            -0.8811998963356018,
            1.0933336019515991,
            -0.1312147080898285,
            0.8963345885276794
          ]
        },
        "bias": {
          "shape": [
            33
          ],
          "dtype": "float32",
          "sample_values": [
            0.07692712545394897,
            4.147119998931885,
            0.5593327879905701,
            -0.17988839745521545,
            -0.8006935715675354,
            -1.1780678033828735,
            0.4137747883796692,
            -0.6542391777038574,
            0.21862509846687317,
            0.5949686765670776
          ]
        },
        "stride": [
          2,
          1,
          1
        ],
        "padding": [
          4,
          2,
          0
        ],
        "dilation": [
          1,
          1,
          1
        ],
        "groups": 1,
        "api": "torch.nn.functional.conv3d"
      },
      "paddle_test_case": {
        "input": {
          "shape": [
            20,
            16,
            10,
            50,
            100
          ],
          "dtype": "float32",
          "sample_values": [
            0.7752637267112732,
            0.8845512866973877,
            -0.017568811774253845,
            -0.7523747086524963,
            -0.981509268283844,
            0.2940584719181061,
            0.03562941402196884,
            -0.7505152225494385,
            -0.4497143030166626,
            -0.49824902415275574
          ]
        },
        "weight": {
          "shape": [
            33,
            16,
            3,
            5,
            2
          ],
          "dtype": "float32",
          "sample_values": [
            -0.09101136028766632,
            -0.6142028570175171,
            -1.0077792406082153,
            0.03650888055562973,
            -0.33617982268333435,
            0.5204266905784607,
            -0.8811998963356018,
            1.0933336019515991,
            -0.1312147080898285,
            0.8963345885276794
          ]
        },
        "bias": {
          "shape": [
            33
          ],
          "dtype": "float32",
          "sample_values": [
            0.07692712545394897,
            4.147119998931885,
            0.5593327879905701,
            -0.17988839745521545,
            -0.8006935715675354,
            -1.1780678033828735,
            0.4137747883796692,
            -0.6542391777038574,
            0.21862509846687317,
            0.5949686765670776
          ]
        },
        "stride": [
          2,
          1,
          1
        ],
        "padding": [
          4,
          2,
          0
        ],
        "dilation": [
          1,
          1,
          1
        ],
        "groups": 1,
        "api": "torch.nn.functional.conv3d"
      },
      "execution_result": {
        "torch_api": "torch.nn.functional.conv3d",
        "paddle_api": "paddle.nn.functional.conv3d",
        "torch_success": true,
        "paddle_success": true,
        "results_match": false,
        "torch_error": null,
        "paddle_error": null,
        "comparison_error": "数值不匹配，最大差异: 9.1552734375e-05",
        "torch_shape": [
          20,
          33,
          8,
          50,
          99
        ],
        "paddle_shape": [
          20,
          33,
          8,
          50,
          99
        ],
        "torch_dtype": "torch.float32",
        "paddle_dtype": "paddle.float32",
        "status": "compared"
      },
      "llm_operation": {
        "operation": "mutation",
        "reason": "虽然PyTorch和PaddlePaddle均成功执行且结果不一致，但最大差异为9.1552734375e-05，属于可容忍的浮点计算精度误差范围。考虑到深度学习框架在不同后端（如CUDA、cuDNN版本）或计算顺序上的差异，该数值偏差合理。因此判定无需修复，转而对测试用例进行变异以增强测试覆盖。变异策略：调整输入张量的形状，使空间维度更小（接近卷积核大小），增加边界情况的压力；同时将数据类型保持为float32以维持数值稳定性测试。"
      },
      "is_llm_generated": false,
      "case_number": 1
    },
    {
      "iteration": 2,
      "torch_test_case": {
        "api": "torch.nn.functional.conv3d",
        "input": {
          "shape": [
            1,
            16,
            3,
            5,
            2
          ],
          "dtype": "float32",
          "sample_values": [
            -1.4450281858444214,
            -0.8515249490737915,
            1.6317881345748901,
            0.28885361552238464,
            0.34534040093421936,
            0.08865632861852646,
            0.734326183795929,
            0.5367528200149536,
            -2.5941109657287598,
            0.3829643130302429
          ]
        },
        "weight": {
          "shape": [
            33,
            16,
            3,
            5,
            2
          ],
          "dtype": "float32",
          "sample_values": [
            0.47199538350105286,
            -0.31719350814819336,
            0.40186524391174316,
            -1.7283191680908203,
            0.4916091561317444,
            -0.284569650888443,
            -0.38463538885116577,
            -0.19423723220825195,
            0.043102286756038666,
            -0.752792477607727
          ]
        },
        "bias": {
          "shape": [
            33
          ],
          "dtype": "float32",
          "sample_values": [
            1.024111032485962,
            -2.341212272644043,
            -0.9487866163253784,
            0.5557005405426025,
            -1.3314512968063354,
            -0.10535786300897598,
            -0.8090217113494873,
            -0.8938105702400208,
            -1.6396793127059937,
            -1.1493076086044312
          ]
        },
        "stride": [
          1,
          1,
          1
        ],
        "padding": [
          0,
          0,
          0
        ],
        "dilation": [
          1,
          1,
          1
        ],
        "groups": 1
      },
      "paddle_test_case": {
        "api": "paddle.nn.functional.conv3d",
        "input": {
          "shape": [
            1,
            16,
            3,
            5,
            2
          ],
          "dtype": "float32",
          "sample_values": [
            -1.4450281858444214,
            -0.8515249490737915,
            1.6317881345748901,
            0.28885361552238464,
            0.34534040093421936,
            0.08865632861852646,
            0.734326183795929,
            0.5367528200149536,
            -2.5941109657287598,
            0.3829643130302429
          ]
        },
        "weight": {
          "shape": [
            33,
            16,
            3,
            5,
            2
          ],
          "dtype": "float32",