{
  "operator": "torch.nn.Conv3d",
  "timestamp": "2025-11-25T14:10:45.871851",
  "total_iterations": 4,
  "llm_generated_test_cases": 3,
  "successful_test_cases": 3,
  "results": [
    {
      "iteration": 1,
      "torch_test_case": {
        "input": {
          "shape": [
            2,
            3,
            4,
            4,
            4
          ],
          "dtype": "float32",
          "sample_values": [
            -0.21133090555667877,
            -0.5232833027839661,
            -0.7612470388412476,
            0.6305751204490662,
            0.9839413166046143,
            1.0532734394073486,
            0.2421179711818695,
            1.4691447019577026,
            -0.6768984198570251,
            1.2851492166519165
          ]
        },
        "in_channels": 16,
        "out_channels": 33,
        "kernel_size": [
          3,
          5,
          2
        ],
        "stride": [
          2,
          1,
          1
        ],
        "padding": [
          4,
          2,
          0
        ],
        "api": "torch.nn.functional.conv3d"
      },
      "paddle_test_case": {
        "input": {
          "shape": [
            2,
            3,
            4,
            4,
            4
          ],
          "dtype": "float32",
          "sample_values": [
            -0.21133090555667877,
            -0.5232833027839661,
            -0.7612470388412476,
            0.6305751204490662,
            0.9839413166046143,
            1.0532734394073486,
            0.2421179711818695,
            1.4691447019577026,
            -0.6768984198570251,
            1.2851492166519165
          ]
        },
        "in_channels": 16,
        "out_channels": 33,
        "kernel_size": [
          3,
          5,
          2
        ],
        "stride": [
          2,
          1,
          1
        ],
        "padding": [
          4,
          2,
          0
        ],
        "api": "torch.nn.functional.conv3d"
      },
      "execution_result": {
        "torch_api": "torch.nn.functional.conv3d",
        "paddle_api": "paddle.nn.functional.conv3d",
        "torch_success": false,
        "paddle_success": false,
        "results_match": false,
        "torch_error": "conv3d() received an invalid combination of arguments - got (Tensor, in_channels=int, stride=list, out_channels=int, kernel_size=list, padding=list), but expected one of:\n * (Tensor input, Tensor weight, Tensor bias = None, tuple of ints stride = 1, tuple of ints padding = 0, tuple of ints dilation = 1, int groups = 1)\n * (Tensor input, Tensor weight, Tensor bias = None, tuple of ints stride = 1, str padding = \"valid\", tuple of ints dilation = 1, int groups = 1)\n",
        "paddle_error": "conv3d() got an unexpected keyword argument 'in_channels'",
        "comparison_error": null,
        "torch_shape": null,
        "paddle_shape": null,
        "torch_dtype": null,
        "paddle_dtype": null,
        "status": "both_failed",
        "torch_traceback": "Traceback (most recent call last):\n  File \"D:\\graduate\\DFrameworkTest\\pt_pd_test\\llm_enhanced_compare.py\", line 543, in execute_test_case\n    torch_result = torch_func(*args, **kwargs)\nTypeError: conv3d() received an invalid combination of arguments - got (Tensor, in_channels=int, stride=list, out_channels=int, kernel_size=list, padding=list), but expected one of:\n * (Tensor input, Tensor weight, Tensor bias = None, tuple of ints stride = 1, tuple of ints padding = 0, tuple of ints dilation = 1, int groups = 1)\n * (Tensor input, Tensor weight, Tensor bias = None, tuple of ints stride = 1, str padding = \"valid\", tuple of ints dilation = 1, int groups = 1)\n\n",
        "paddle_traceback": "Traceback (most recent call last):\n  File \"D:\\graduate\\DFrameworkTest\\pt_pd_test\\llm_enhanced_compare.py\", line 559, in execute_test_case\n    paddle_result = paddle_func(*args, **kwargs)\nTypeError: conv3d() got an unexpected keyword argument 'in_channels'\n"
      },
      "llm_operation": {
        "operation": "repair",
        "reason": "原始测试用例中错误地将卷积参数如in_channels、out_channels等作为函数参数传递，但torch.nn.functional.conv3d和paddle.nn.functional.conv3d的正确调用方式需要显式提供weight（和可选bias）张量，而in_channels、out_channels等是用于生成weight的参数，并非API的直接输入。PyTorch报错表明参数组合无效，Paddle报错因传入了不存在的'in_channels'关键字参数。因此必须修复为正确的参数形式：构造weight和bias张量，并使用stride、padding等合法参数。"
      },
      "is_llm_generated": false,
      "case_number": 1
    },
    {
      "iteration": 2,
      "torch_test_case": {
        "api": "torch.nn.functional.conv3d",
        "input": {
          "shape": [
            2,
            3,
            4,
            4,
            4
          ],
          "dtype": "float32",
          "sample_values": [
            -1.0043760538101196,
            0.866652250289917,
            0.8314599394798279,
            -0.7042994499206543,
            -2.317051887512207,
            -0.361727774143219,
            0.4425320327281952,
            -0.013195186853408813,
            0.08048070967197418,
            0.3495277166366577
          ]
        },
        "weight": {
          "shape": [
            33,
            3,
            3,
            5,
            2
          ],
          "dtype": "float32",
          "sample_values": [
            0.9195599555969238,
            -1.3229821920394897,
            0.8595151901245117,
            -0.17571453750133514,
            -0.831229567527771,
            -0.31459030508995056,
            0.8882789611816406,
            0.6087844371795654,
            0.29731401801109314,
            0.37848517298698425
          ]
        },
        "bias": {
          "shape": [
            33
          ],
          "dtype": "float32",
          "sample_values": [
            1.19706392288208,
            -1.703310489654541,
            -0.7508948445320129,
            0.19531649351119995,
            -0.029411356896162033,
            1.4187215566635132,
            -1.1707854270935059,
            -0.3640933334827423,
            -1.9692845344543457,
            0.13160037994384766
          ]
        },
        "stride": [
          2,
          1,
          1
        ],
        "padding": [
          4,
          2,
          0
        ]
      },
      "paddle_test_case": {
        "api": "paddle.nn.functional.conv3d",
        "x": {
          "shape": [
            2,
            3,
            4,
            4,
            4
          ],
          "dtype": "float32",
          "sample_values": [
            0.32378679513931274,
            0.1927059292793274,
            0.5059528350830078,
            -0.01159985363483429,
            0.17404627799987793,
            -1.0132030248641968,
            -1.6180633306503296,
            -1.1178581714630127,
            -1.6870076656341553,
            0.22443775832653046
          ]
        },
        "weight": {
          "shape": [
            33,
            3,
            3,
            5,
            2
          ],
          "dtype": "float32",
          "sample_values": [
            0.9195599555969238,
            -1.3229821920394897,
            0.8595151901245117,
            -0.17571453750133514,
            -0.831229567527771,
            -0.31459030508995056,
            0.8882789611816406,
            0.6087844371795654,
            0.29731401801109314,
            0.37848517298698425
          ]
        },
        "bias": {
          "shape": [
            33
          ],
          "dtype": "float32",
          "sample_values": [
            1.19706392288208,
            -1.703310489654541,
            -0.7508948445320129,
            0.19531649351119995,
            -0.029411356896162033,
            1.4187215566635132,
            -1.1707854270935059,
            -0.3640933334827423,
            -1.9692845344543457,
            0.13160037994384766
          ]
        },
        "stride": [
          2,
          1,
          1
        ],
        "padding": [
          4,
          2,
          0
        ]
      },