{
  "operator": "torch.nn.functional.triplet_margin_loss",
  "timestamp": "2025-12-01T23:23:12.690628",
  "total_iterations": 4,
  "llm_generated_test_cases": 3,
  "successful_test_cases": 2,
  "results": [
    {
      "iteration": 1,
      "torch_test_case": {
        "anchor": {
          "shape": [
            100,
            128
          ],
          "dtype": "float32",
          "sample_values": [
            1.3262434005737305,
            -1.6558932065963745,
            0.23615513741970062,
            -1.609617829322815,
            0.928720235824585,
            1.3142988681793213,
            0.3254106342792511,
            1.3751475811004639,
            1.6059787273406982,
            -0.41639837622642517
          ]
        },
        "positive": {
          "shape": [
            100,
            128
          ],
          "dtype": "float32",
          "sample_values": [
            1.5168256759643555,
            -1.0340754985809326,
            -1.24662184715271,
            -1.8185454607009888,
            -0.18341225385665894,
            0.8790479898452759,
            0.2790560722351074,
            0.7690830230712891,
            -1.0916447639465332,
            -1.2235952615737915
          ]
        },
        "negative": {
          "shape": [
            100,
            128
          ],
          "dtype": "float32",
          "sample_values": [
            0.11706840991973877,
            -1.8275971412658691,
            -0.9593551158905029,
            0.23365792632102966,
            -0.6503930687904358,
            1.8738200664520264,
            -0.607305645942688,
            -1.0524693727493286,
            0.6874985098838806,
            0.09940102696418762
          ]
        },
        "margin": 1.0,
        "p": 2,
        "eps": 1e-06,
        "swap": false,
        "reduction": "mean",
        "api": "torch.nn.functional.triplet_margin_loss"
      },
      "paddle_test_case": {
        "anchor": {
          "shape": [
            100,
            128
          ],
          "dtype": "float32",
          "sample_values": [
            1.3262434005737305,
            -1.6558932065963745,
            0.23615513741970062,
            -1.609617829322815,
            0.928720235824585,
            1.3142988681793213,
            0.3254106342792511,
            1.3751475811004639,
            1.6059787273406982,
            -0.41639837622642517
          ]
        },
        "positive": {
          "shape": [
            100,
            128
          ],
          "dtype": "float32",
          "sample_values": [
            1.5168256759643555,
            -1.0340754985809326,
            -1.24662184715271,
            -1.8185454607009888,
            -0.18341225385665894,
            0.8790479898452759,
            0.2790560722351074,
            0.7690830230712891,
            -1.0916447639465332,
            -1.2235952615737915
          ]
        },
        "negative": {
          "shape": [
            100,
            128
          ],
          "dtype": "float32",
          "sample_values": [
            0.11706840991973877,
            -1.8275971412658691,
            -0.9593551158905029,
            0.23365792632102966,
            -0.6503930687904358,
            1.8738200664520264,
            -0.607305645942688,
            -1.0524693727493286,
            0.6874985098838806,
            0.09940102696418762
          ]
        },
        "margin": 1.0,
        "p": 2,
        "eps": 1e-06,
        "swap": false,
        "reduction": "mean",
        "api": "torch.nn.functional.triplet_margin_loss"
      },
      "execution_result": {
        "torch_api": "torch.nn.functional.triplet_margin_loss",
        "paddle_api": "paddle.nn.functional.triplet_margin_loss",
        "torch_success": true,
        "paddle_success": false,
        "results_match": false,
        "torch_error": null,
        "paddle_error": "triplet_margin_loss() got an unexpected keyword argument 'anchor'",
        "comparison_error": null,
        "torch_shape": [],
        "paddle_shape": null,
        "torch_dtype": "torch.float32",
        "paddle_dtype": null,
        "status": "paddle_failed",
        "paddle_traceback": "Traceback (most recent call last):\n  File \"D:\\graduate\\DFrameworkTest\\pt_pd_test\\llm_enhanced_compare.py\", line 565, in execute_test_case\n    paddle_result = paddle_func(*args, **kwargs)\nTypeError: triplet_margin_loss() got an unexpected keyword argument 'anchor'\n"
      },
      "llm_operation": {
        "operation": "repair",
        "reason": "PaddlePaddle的triplet_margin_loss函数不接受'anchor'作为关键字参数，而是使用'input'、'positive'和'negative'，其中PyTorch中的'anchor'在Paddle中应对应为'input'。因此需要将Paddle测试用例中的'anchor'参数名修复为'input'以匹配其API签名。"
      },
      "is_llm_generated": false,
      "case_number": 1
    },
    {
      "iteration": 2,
      "torch_test_case": {
        "api": "torch.nn.functional.triplet_margin_loss",
        "anchor": {
          "shape": [
            100,
            128
          ],
          "dtype": "float32",
          "sample_values": [
            0.1345076560974121,
            -1.6056506633758545,
            2.6715917587280273,
            -0.2531064748764038,
            0.7529141306877136,
            0.6616256833076477,
            -0.5415446758270264,
            -0.23059283196926117,
            0.5793198943138123,
            0.47022977471351624
          ]
        },
        "positive": {
          "shape": [
            100,
            128
          ],
          "dtype": "float32",
          "sample_values": [
            -0.06707590073347092,
            -1.3188399076461792,
            -3.5299339294433594,
            -0.09608610719442368,
            1.0213731527328491,
            -0.2160782516002655,
            -2.101163387298584,
            -1.9762588739395142,
            -1.1760900020599365,
            1.2505556344985962
          ]
        },
        "negative": {
          "shape": [
            100,
            128
          ],
          "dtype": "float32",
          "sample_values": [
            -0.4613897204399109,
            0.3639092743396759,
            0.38417431712150574,
            1.6627405881881714,
            -0.8994027376174927,
            -2.0770180225372314,
            0.2283783257007599,
            -1.7296642065048218,
            0.46269679069519043,
            -0.9090299010276794
          ]
        },
        "margin": 1.0,
        "p": 2,
        "eps": 1e-06,
        "swap": false,
        "reduction": "mean"
      },
      "paddle_test_case": {
        "api": "paddle.nn.functional.triplet_margin_loss",
        "input": {
          "shape": [
            100,
            128
          ],
          "dtype": "float32",
          "sample_values": [
            1.969205617904663,
            0.1239653080701828,
            0.631470799446106,
            -1.2364431619644165,
            -0.03100614622235298,
            0.9569982290267944,
            -1.4187400341033936,
            0.07283526659011841,
            0.9485087394714355,
            0.8355769515037537
          ]
        },
        "positive": {
          "shape": [
            100,
            128
          ],
          "dtype": "float32",
          "sample_values": [
            -0.06707590073347092,
            -1.3188399076461792,
            -3.5299339294433594,
            -0.09608610719442368,
            1.0213731527328491,
            -0.2160782516002655,
            -2.101163387298584,
            -1.9762588739395142,
            -1.1760900020599365,
            1.2505556344985962
          ]
        },
        "negative": {
          "shape": [
            100,
            128
          ],
          "dtype": "float32",