{
  "operator": "torch.nn.functional.conv_transpose3d",
  "timestamp": "2025-12-02T00:01:51.341095",
  "total_iterations": 1,
  "llm_generated_test_cases": 0,
  "successful_test_cases": 0,
  "results": [
    {
      "iteration": 1,
      "torch_test_case": {
        "input": {
          "shape": [
            20,
            16,
            10,
            50,
            100
          ],
          "dtype": "float32",
          "sample_values": [
            0.6171372532844543,
            0.6951650977134705,
            -0.09467091411352158,
            0.05403025075793266,
            0.26512616872787476,
            -1.2050645351409912,
            0.7572920322418213,
            -0.5111202597618103,
            2.5054373741149902,
            0.9930223822593689
          ]
        },
        "weight": {
          "shape": [
            16,
            33,
            3,
            5,
            2
          ],
          "dtype": "float32",
          "sample_values": [
            0.4727376699447632,
            -0.43009400367736816,
            -0.5867666006088257,
            -0.21842101216316223,
            0.4069998562335968,
            -0.38435953855514526,
            0.16541925072669983,
            -1.0462627410888672,
            1.2939890623092651,
            1.458227515220642
          ]
        },
        "bias": {
          "shape": [
            33
          ],
          "dtype": "float32",
          "sample_values": [
            -0.15059815347194672,
            -0.17996543645858765,
            0.5670830607414246,
            -0.7977064847946167,
            -1.6204241514205933,
            -2.11190128326416,
            -0.7221746444702148,
            -0.16760575771331787,
            0.6865194439888,
            1.0948537588119507
          ]
        },
        "stride": [
          2,
          1,
          1
        ],
        "padding": [
          0,
          4,
          2
        ],
        "output_padding": [
          0,
          0,
          0
        ],
        "groups": 1,
        "dilation": [
          1,
          1,
          1
        ],
        "api": "torch.nn.functional.conv_transpose3d"
      },
      "paddle_test_case": {
        "input": {
          "shape": [
            20,
            16,
            10,
            50,
            100
          ],
          "dtype": "float32",
          "sample_values": [
            0.6171372532844543,
            0.6951650977134705,
            -0.09467091411352158,
            0.05403025075793266,
            0.26512616872787476,
            -1.2050645351409912,
            0.7572920322418213,
            -0.5111202597618103,
            2.5054373741149902,
            0.9930223822593689
          ]
        },
        "weight": {
          "shape": [
            16,
            33,
            3,
            5,
            2
          ],
          "dtype": "float32",
          "sample_values": [
            0.4727376699447632,
            -0.43009400367736816,
            -0.5867666006088257,
            -0.21842101216316223,
            0.4069998562335968,
            -0.38435953855514526,
            0.16541925072669983,
            -1.0462627410888672,
            1.2939890623092651,
            1.458227515220642
          ]
        },
        "bias": {
          "shape": [
            33
          ],
          "dtype": "float32",
          "sample_values": [
            -0.15059815347194672,
            -0.17996543645858765,
            0.5670830607414246,
            -0.7977064847946167,
            -1.6204241514205933,
            -2.11190128326416,
            -0.7221746444702148,
            -0.16760575771331787,
            0.6865194439888,
            1.0948537588119507
          ]
        },
        "stride": [
          2,
          1,
          1
        ],
        "padding": [
          0,
          4,
          2
        ],
        "output_padding": [
          0,
          0,
          0
        ],
        "groups": 1,
        "dilation": [
          1,
          1,
          1
        ],
        "api": "torch.nn.functional.conv_transpose3d"
      },
      "execution_result": {
        "torch_api": "torch.nn.functional.conv_transpose3d",
        "paddle_api": "paddle.nn.functional.conv_transpose3d",
        "torch_success": true,
        "paddle_success": false,
        "results_match": false,
        "torch_error": null,
        "paddle_error": "PaddlePaddle算子 paddle.nn.functional.conv_transpose3d 未找到",
        "comparison_error": null,
        "torch_shape": [
          20,
          33,
          21,
          46,
          97
        ],
        "paddle_shape": null,
        "torch_dtype": "torch.float32",
        "paddle_dtype": null,
        "status": "paddle_failed"
      },
      "llm_operation": {
        "operation": "skip",
        "reason": "PaddlePaddle算子 paddle.nn.functional.conv_transpose3d 未找到，说明该API在当前PaddlePaddle版本中不存在或已移除，无法进行修复或变异"
      },
      "is_llm_generated": false,
      "case_number": 1
    }
  ]
}