{
  "operator": "torch.nn.functional.cosine_similarity",
  "timestamp": "2026-01-24T18:26:28.503283",
  "total_iterations": 4,
  "llm_generated_test_cases": 3,
  "successful_test_cases": 3,
  "results": [
    {
      "iteration": 1,
      "torch_test_case": {
        "x1": {
          "shape": [
            100,
            128
          ],
          "dtype": "float32",
          "sample_values": [
            1.2494841814041138,
            -0.17222163081169128,
            1.2851486206054688,
            -0.4337131083011627,
            1.7866199016571045,
            0.41529208421707153,
            0.16933892667293549,
            0.5365956425666809,
            0.01851634867489338,
            -0.22325445711612701
          ]
        },
        "x2": {
          "shape": [
            100,
            128
          ],
          "dtype": "float32",
          "sample_values": [
            0.4582473337650299,
            0.10907085239887238,
            1.8203686475753784,
            0.42946889996528625,
            0.8898767232894897,
            0.5525630116462708,
            -0.8869050741195679,
            0.9205743670463562,
            0.23937207460403442,
            0.12634123861789703
          ]
        },
        "dim": 1,
        "eps": 1e-06,
        "api": "torch.nn.functional.cosine_similarity"
      },
      "paddle_test_case": {
        "x1": {
          "shape": [
            100,
            128
          ],
          "dtype": "float32",
          "sample_values": [
            1.2494841814041138,
            -0.17222163081169128,
            1.2851486206054688,
            -0.4337131083011627,
            1.7866199016571045,
            0.41529208421707153,
            0.16933892667293549,
            0.5365956425666809,
            0.01851634867489338,
            -0.22325445711612701
          ]
        },
        "x2": {
          "shape": [
            100,
            128
          ],
          "dtype": "float32",
          "sample_values": [
            0.4582473337650299,
            0.10907085239887238,
            1.8203686475753784,
            0.42946889996528625,
            0.8898767232894897,
            0.5525630116462708,
            -0.8869050741195679,
            0.9205743670463562,
            0.23937207460403442,
            0.12634123861789703
          ]
        },
        "dim": 1,
        "eps": 1e-06,
        "api": "paddle.nn.functional.cosine_similarity"
      },
      "execution_result": {
        "torch_api": "torch.nn.functional.cosine_similarity",
        "paddle_api": "paddle.nn.functional.cosine_similarity",
        "torch_success": true,
        "paddle_success": false,
        "results_match": false,
        "torch_error": null,
        "paddle_error": "cosine_similarity() got an unexpected keyword argument 'dim'",
        "comparison_error": null,
        "torch_shape": [
          100
        ],
        "paddle_shape": null,
        "torch_dtype": "torch.float32",
        "paddle_dtype": null,
        "status": "paddle_failed",
        "paddle_traceback": "Traceback (most recent call last):\n  File \"D:\\graduate\\DFrameworkTest\\pt_pd_test\\llm_enhanced_compare.py\", line 649, in execute_test_case\n    paddle_result = paddle_func(*args, **kwargs)\nTypeError: cosine_similarity() got an unexpected keyword argument 'dim'\n"
      },
      "llm_operation": {
        "operation": "repair",
        "reason": "PaddlePaddle的cosine_similarity API使用参数名'axis'而非'dim'，而PyTorch使用'dim'；错误信息'cosine_similarity() got an unexpected keyword argument \"dim\"'明确表明Paddle不接受'dim'参数。根据Paddle官方文档，对应参数应为'axis'，且默认值为1，语义与PyTorch的'dim'一致。因此需将Paddle测试用例中的'dim'字段改为'axis'，保持其余参数（shape、dtype、eps）不变。"
      },
      "is_llm_generated": false,
      "case_number": 1
    },
    {
      "iteration": 2,
      "torch_test_case": {
        "api": "torch.nn.functional.cosine_similarity",
        "x1": {
          "shape": [
            100,
            128
          ],
          "dtype": "float32",
          "sample_values": [
            -1.6463112831115723,
            -1.8824357986450195,
            1.52878999710083,
            -1.5802985429763794,
            -0.7385690212249756,
            -0.45310598611831665,
            -0.3233043849468231,
            -2.112255096435547,
            -0.6000204682350159,
            1.0005794763565063
          ]
        },
        "x2": {
          "shape": [
            100,
            128
          ],
          "dtype": "float32",
          "sample_values": [
            0.537277340888977,
            -1.5029613971710205,
            -1.1430169343948364,
            0.4739605486392975,
            0.5490907430648804,
            1.0240410566329956,
            0.6889722943305969,
            -1.8507213592529297,
            -0.8892771601676941,
            -1.0964419841766357
          ]
        },
        "dim": 1,
        "eps": 1e-06
      },
      "paddle_test_case": {
        "api": "paddle.nn.functional.cosine_similarity",
        "x1": {
          "shape": [
            100,
            128
          ],
          "dtype": "float32",
          "sample_values": [
            -1.6463112831115723,
            -1.8824357986450195,
            1.52878999710083,
            -1.5802985429763794,
            -0.7385690212249756,
            -0.45310598611831665,
            -0.3233043849468231,
            -2.112255096435547,
            -0.6000204682350159,
            1.0005794763565063
          ]
        },
        "x2": {
          "shape": [
            100,
            128
          ],
          "dtype": "float32",
          "sample_values": [
            0.537277340888977,
            -1.5029613971710205,
            -1.1430169343948364,
            0.4739605486392975,
            0.5490907430648804,
            1.0240410566329956,
            0.6889722943305969,
            -1.8507213592529297,
            -0.8892771601676941,
            -1.0964419841766357
          ]
        },
        "axis": 1,
        "eps": 1e-06
      },
      "execution_result": {
        "torch_api": "torch.nn.functional.cosine_similarity",
        "paddle_api": "paddle.nn.functional.cosine_similarity",
        "torch_success": true,
        "paddle_success": true,
        "results_match": true,
        "torch_error": null,
        "paddle_error": null,
        "comparison_error": null,
        "torch_shape": [
          100
        ],
        "paddle_shape": [
          100
        ],
        "torch_dtype": "torch.float32",
        "paddle_dtype": "paddle.float32",
        "status": "compared"
      },
      "llm_operation": {
        "operation": "mutation",
        "reason": "执行结果一致且无错误，符合预期；根据任务要求，需对用例进行变异（fuzzing）以增强测试覆盖。原始用例使用规则形状[100, 128]和常规eps=1e-6，可变异为边界/极端情况：(1) 使用dim/axis=-1以验证负轴支持；(2) 将输入改为3D张量（如[4, 5, 6]）并沿不同维度（如dim=0或dim=2）计算，检验广播与维度挤压行为；(3) 引入极小eps=1e-12测试数值稳定性；(4) 添加dtype=float64以验证双精度一致性；(5) 考虑单元素向量（shape=[1, 1]）和空维度（如shape=[0, 128]）等边界场景。此处选择最具代表性的变异：将输入升维至3D、沿最后一个维度（axis=-1）计算，并使用float64和更小eps，同时保持两框架参数语义对齐。"
      },
      "is_llm_generated": true,
      "case_number": 1
    },
    {
      "iteration": 3,
      "torch_test_case": {
        "api": "torch.nn.functional.cosine_similarity",
        "x1": {
          "shape": [
            4,
            5,
            6
          ],
          "dtype": "float64",
          "sample_values": [
            0.5531958362480252,
            -0.8389710346949225,
            0.42102343353411276,
            -0.7938266567871017,
            -0.863545164049287,
            0.23870066679598928,
            -0.29348830214523186,
            0.7551136947182426,
            -0.07495465425936725,
            1.4821766060756332
          ]
        },
        "x2": {
          "shape": [
            4,
            5,
            6
          ],
          "dtype": "float64",