{
  "operator": "torch.nn.functional.pairwise_distance",
  "timestamp": "2026-01-25T09:28:08.413277",
  "total_iterations": 1,
  "llm_generated_test_cases": 0,
  "successful_test_cases": 0,
  "results": [
    {
      "iteration": 1,
      "torch_test_case": {
        "x1": {
          "shape": [
            100,
            128
          ],
          "dtype": "float32",
          "sample_values": [
            1.83563232421875,
            0.016884595155715942,
            -0.7022503614425659,
            -1.9143590927124023,
            0.08487509191036224,
            -0.36447054147720337,
            -0.7110065221786499,
            -1.478305697441101,
            -1.2354940176010132,
            -1.286998987197876
          ]
        },
        "x2": {
          "shape": [
            100,
            128
          ],
          "dtype": "float32",
          "sample_values": [
            -0.3763929605484009,
            -0.38123828172683716,
            -0.5950193405151367,
            -0.18721210956573486,
            1.1661505699157715,
            0.888918936252594,
            0.4128880798816681,
            -0.4766458570957184,
            -0.005554642528295517,
            0.2851449251174927
          ]
        },
        "p": 2,
        "eps": 1e-06,
        "keepdim": false,
        "api": "torch.nn.functional.pairwise_distance"
      },
      "paddle_test_case": {
        "x1": {
          "shape": [
            100,
            128
          ],
          "dtype": "float32",
          "sample_values": [
            1.83563232421875,
            0.016884595155715942,
            -0.7022503614425659,
            -1.9143590927124023,
            0.08487509191036224,
            -0.36447054147720337,
            -0.7110065221786499,
            -1.478305697441101,
            -1.2354940176010132,
            -1.286998987197876
          ]
        },
        "x2": {
          "shape": [
            100,
            128
          ],
          "dtype": "float32",
          "sample_values": [
            -0.3763929605484009,
            -0.38123828172683716,
            -0.5950193405151367,
            -0.18721210956573486,
            1.1661505699157715,
            0.888918936252594,
            0.4128880798816681,
            -0.4766458570957184,
            -0.005554642528295517,
            0.2851449251174927
          ]
        },
        "p": 2,
        "eps": 1e-06,
        "keepdim": false,
        "api": "paddle.nn.functional.pairwise_distance"
      },
      "execution_result": {
        "torch_api": "torch.nn.functional.pairwise_distance",
        "paddle_api": "paddle.nn.functional.pairwise_distance",
        "torch_success": true,
        "paddle_success": false,
        "results_match": false,
        "torch_error": null,
        "paddle_error": "pairwise_distance() got an unexpected keyword argument 'x1'",
        "comparison_error": null,
        "torch_shape": [
          100
        ],
        "paddle_shape": null,
        "torch_dtype": "torch.float32",
        "paddle_dtype": null,
        "status": "paddle_failed",
        "paddle_traceback": "Traceback (most recent call last):\n  File \"D:\\graduate\\DFrameworkTest\\pt_pd_test\\llm_enhanced_compare.py\", line 661, in execute_test_case\n    paddle_result = paddle_func(*args, **kwargs)\nTypeError: pairwise_distance() got an unexpected keyword argument 'x1'\n"
      },
      "llm_operation": {
        "operation": "skip",
        "reason": "LLM调用失败: Invalid \\escape: line 3 column 166 (char 192)"
      },
      "is_llm_generated": false,
      "case_number": 1
    }
  ]
}