{
  "operator": "torch.nn.functional.triplet_margin_loss",
  "timestamp": "2026-01-26T01:40:28.264592",
  "total_iterations": 4,
  "llm_generated_test_cases": 3,
  "successful_test_cases": 1,
  "results": [
    {
      "iteration": 1,
      "torch_test_case": {
        "anchor": {
          "shape": [
            100,
            128
          ],
          "dtype": "float32",
          "sample_values": [
            -0.845609188079834,
            2.5349905490875244,
            -1.3568559885025024,
            -0.5939295291900635,
            1.9568264484405518,
            -0.2340555340051651,
            0.8159211874008179,
            0.7920648455619812,
            1.1221843957901,
            -0.442153662443161
          ]
        },
        "positive": {
          "shape": [
            100,
            128
          ],
          "dtype": "float32",
          "sample_values": [
            -0.39412420988082886,
            1.0761685371398926,
            1.0530670881271362,
            -0.3345959186553955,
            -1.3718798160552979,
            -2.003326177597046,
            0.3776935338973999,
            -1.2958405017852783,
            -0.31644272804260254,
            1.2610647678375244
          ]
        },
        "negative": {
          "shape": [
            100,
            128
          ],
          "dtype": "float32",
          "sample_values": [
            -0.6083564758300781,
            -0.9563617706298828,
            -0.37168970704078674,
            -1.0260545015335083,
            -1.78328537940979,
            0.06986872851848602,
            0.9524102210998535,
            -0.7134864330291748,
            -0.7871012687683105,
            0.8080288171768188
          ]
        },
        "margin": 1.0,
        "p": 2,
        "eps": 1e-06,
        "swap": false,
        "reduction": "mean",
        "api": "torch.nn.functional.triplet_margin_loss"
      },
      "mindspore_test_case": {
        "anchor": {
          "shape": [
            100,
            128
          ],
          "dtype": "float32",
          "sample_values": [
            -0.845609188079834,
            2.5349905490875244,
            -1.3568559885025024,
            -0.5939295291900635,
            1.9568264484405518,
            -0.2340555340051651,
            0.8159211874008179,
            0.7920648455619812,
            1.1221843957901,
            -0.442153662443161
          ]
        },
        "positive": {
          "shape": [
            100,
            128
          ],
          "dtype": "float32",
          "sample_values": [
            -0.39412420988082886,
            1.0761685371398926,
            1.0530670881271362,
            -0.3345959186553955,
            -1.3718798160552979,
            -2.003326177597046,
            0.3776935338973999,
            -1.2958405017852783,
            -0.31644272804260254,
            1.2610647678375244
          ]
        },
        "negative": {
          "shape": [
            100,
            128
          ],
          "dtype": "float32",
          "sample_values": [
            -0.6083564758300781,
            -0.9563617706298828,
            -0.37168970704078674,
            -1.0260545015335083,
            -1.78328537940979,
            0.06986872851848602,
            0.9524102210998535,
            -0.7134864330291748,
            -0.7871012687683105,
            0.8080288171768188
          ]
        },
        "margin": 1.0,
        "p": 2,
        "eps": 1e-06,
        "swap": false,
        "reduction": "mean",
        "api": "mindspore.nn.TripletMarginLoss"
      },
      "execution_result": {
        "torch_api": "torch.nn.functional.triplet_margin_loss",
        "mindspore_api": "mindspore.nn.TripletMarginLoss",
        "torch_success": true,
        "mindspore_success": false,
        "results_match": false,
        "torch_error": null,
        "mindspore_error": "TripletMarginLoss.__init__() got an unexpected keyword argument 'anchor'",
        "comparison_error": null,
        "torch_shape": [],
        "mindspore_shape": null,
        "torch_dtype": "torch.float32",
        "mindspore_dtype": null,
        "status": "mindspore_failed",
        "mindspore_traceback": "Traceback (most recent call last):\n  File \"D:\\graduate\\DFrameworkTest\\pt_ms_test\\llm_enhanced_compare.py\", line 680, in execute_test_case\n    mindspore_result = mindspore_func(*args, **kwargs)\nTypeError: TripletMarginLoss.__init__() got an unexpected keyword argument 'anchor'\n"
      },
      "llm_operation": {
        "operation": "repair",
        "reason": "MindSpore的TripletMarginLoss是一个类（nn.Module），其__init__方法不接受输入张量（anchor/positive/negative）作为构造参数，而是接受超参数（p, swap, eps, reduction, margin）；实际前向计算时通过forward(x, positive, negative)传入三元组。而PyTorch的torch.nn.functional.triplet_margin_loss是函数式API，直接接收anchor/positive/negative等张量参数。原始测试用例错误地将PyTorch函数式API的参数（anchor, positive, negative）直接套用于MindSpore类构造器，导致'got an unexpected keyword argument anchor'错误。修复方式：MindSpore测试用例应分离初始化参数和前向调用参数——构造器仅传超参数，前向调用时传x（即anchor）、positive、negative；但当前测试用例格式仅支持声明式参数（无分阶段调用描述）。因此需将MindSpore用例改为仅含构造参数，并明确x/positive/negative为forward输入；但受限于当前JSON用例结构（仅支持扁平参数），必须适配MindSpore API签名：移除anchor/positive/negative字段，仅保留构造参数（p, swap, eps, reduction, margin），并确保api指向类名。同时，PyTorch用例保持函数式调用参数不变，因二者语义等价：PyTorch函数 = MindSpore类实例.forward()。"
      },
      "is_llm_generated": false,
      "case_number": 1
    },
    {
      "iteration": 2,
      "torch_test_case": {
        "api": "torch.nn.functional.triplet_margin_loss",
        "anchor": {
          "shape": [
            100,
            128
          ],
          "dtype": "float32",
          "sample_values": [
            0.8949313759803772,
            -1.728615164756775,
            0.3937505781650543,
            0.5774857997894287,
            0.9395576119422913,
            0.7991244196891785,
            -0.8026041984558105,
            1.109951376914978,
            0.7102779150009155,
            0.25619086623191833
          ]
        },
        "positive": {
          "shape": [
            100,
            128
          ],
          "dtype": "float32",
          "sample_values": [
            1.7581311464309692,
            0.511004626750946,
            1.3041900396347046,
            0.322029173374176,
            0.7496554851531982,
            -0.9358415603637695,
            0.3797302544116974,
            -0.8380152583122253,
            0.48484334349632263,
            1.5245977640151978
          ]
        },
        "negative": {
          "shape": [
            100,
            128
          ],
          "dtype": "float32",
          "sample_values": [
            1.4360888004302979,
            -0.7234711050987244,
            0.8848283290863037,
            -1.242871880531311,
            -0.7769476771354675,
            -0.8204994797706604,
            0.8329946994781494,
            0.4209304749965668,
            0.7717983722686768,
            1.6118520498275757
          ]
        },
        "margin": 1.0,
        "p": 2,
        "eps": 1e-06,
        "swap": false,
        "reduction": "mean"
      },
      "mindspore_test_case": {
        "api": "mindspore.nn.TripletMarginLoss",
        "p": 2,
        "swap": false,
        "eps": 1e-06,
        "reduction": "mean",
        "margin": 1.0
      },
      "execution_result": {
        "torch_api": "torch.nn.functional.triplet_margin_loss",
        "mindspore_api": "mindspore.nn.TripletMarginLoss",
        "torch_success": true,
        "mindspore_success": true,
        "results_match": false,
        "torch_error": null,
        "mindspore_error": null,
        "comparison_error": "比较过程出错: ufunc 'isfinite' not supported for the input types, and the inputs could not be safely coerced to any supported types according to the casting rule ''safe''",
        "torch_shape": [],
        "mindspore_shape": null,
        "torch_dtype": "torch.float32",
        "mindspore_dtype": null,