{
  "operator": "torch.nn.functional.pairwise_distance",
  "timestamp": "2026-01-26T12:52:23.516737",
  "total_iterations": 1,
  "llm_generated_test_cases": 0,
  "successful_test_cases": 0,
  "results": [
    {
      "iteration": 1,
      "torch_test_case": {
        "x1": {
          "shape": [
            100,
            128
          ],
          "dtype": "float32",
          "sample_values": [
            1.7263551950454712,
            -0.10170865058898926,
            -1.6634048223495483,
            0.7629501223564148,
            -1.5445071458816528,
            0.17299871146678925,
            -1.1616981029510498,
            -0.33458396792411804,
            -0.8778825998306274,
            0.16525033116340637
          ]
        },
        "x2": {
          "shape": [
            100,
            128
          ],
          "dtype": "float32",
          "sample_values": [
            -0.23690630495548248,
            0.5682768225669861,
            0.012063483707606792,
            -0.5062909722328186,
            0.7867106199264526,
            0.5833410024642944,
            -3.069708824157715,
            0.5477447509765625,
            0.20778746902942657,
            0.697398841381073
          ]
        },
        "p": 2,
        "eps": 1e-06,
        "keepdim": false,
        "api": "torch.nn.functional.pairwise_distance"
      },
      "mindspore_test_case": {
        "x1": {
          "shape": [
            100,
            128
          ],
          "dtype": "float32",
          "sample_values": [
            1.7263551950454712,
            -0.10170865058898926,
            -1.6634048223495483,
            0.7629501223564148,
            -1.5445071458816528,
            0.17299871146678925,
            -1.1616981029510498,
            -0.33458396792411804,
            -0.8778825998306274,
            0.16525033116340637
          ]
        },
        "x2": {
          "shape": [
            100,
            128
          ],
          "dtype": "float32",
          "sample_values": [
            -0.23690630495548248,
            0.5682768225669861,
            0.012063483707606792,
            -0.5062909722328186,
            0.7867106199264526,
            0.5833410024642944,
            -3.069708824157715,
            0.5477447509765625,
            0.20778746902942657,
            0.697398841381073
          ]
        },
        "p": 2,
        "eps": 1e-06,
        "keepdim": false,
        "api": "mindspore.ops.PairwiseDistance"
      },
      "execution_result": {
        "torch_api": "torch.nn.functional.pairwise_distance",
        "mindspore_api": "mindspore.ops.PairwiseDistance",
        "torch_success": true,
        "mindspore_success": false,
        "results_match": false,
        "torch_error": null,
        "mindspore_error": "MindSpore算子 mindspore.ops.PairwiseDistance 未找到",
        "comparison_error": null,
        "torch_shape": [
          100
        ],
        "mindspore_shape": null,
        "torch_dtype": "torch.float32",
        "mindspore_dtype": null,
        "status": "mindspore_failed"
      },
      "llm_operation": {
        "operation": "skip",
        "reason": "MindSpore官方文档无法获取，且错误信息明确指出'mindspore.ops.PairwiseDistance 未找到'，表明该算子在当前MindSpore版本中不存在或已被移除/重命名；PyTorch的torch.nn.functional.pairwise_distance是标准API，但MindSpore无对应算子实现，因此两个框架功能不等价，无法构造语义一致的测试用例，符合跳过条件。"
      },
      "is_llm_generated": false,
      "case_number": 1
    }
  ]
}