{
  "operator": "torch.nn.functional.conv1d",
  "timestamp": "2026-01-25T23:26:47.725614",
  "total_iterations": 1,
  "llm_generated_test_cases": 0,
  "successful_test_cases": 0,
  "results": [
    {
      "iteration": 1,
      "torch_test_case": {
        "input": {
          "shape": [
            20,
            16,
            50
          ],
          "dtype": "float32",
          "sample_values": [
            -0.07610593736171722,
            -0.1270238161087036,
            -0.5316852331161499,
            -1.526251196861267,
            1.3113435506820679,
            0.9628145694732666,
            1.1317849159240723,
            -1.125599980354309,
            -0.028637921437621117,
            -0.07246868312358856
          ]
        },
        "weight": {
          "shape": [
            33,
            16,
            3
          ],
          "dtype": "float32",
          "sample_values": [
            0.30223986506462097,
            -1.7247346639633179,
            -0.27960219979286194,
            -0.8162434697151184,
            -1.9325075149536133,
            0.6832350492477417,
            -1.4316697120666504,
            -0.5395508408546448,
            1.2268869876861572,
            -0.4315635859966278
          ]
        },
        "bias": {
          "shape": [
            33
          ],
          "dtype": "float32",
          "sample_values": [
            1.1269747018814087,
            -0.7634023427963257,
            1.2385618686676025,
            -0.6116031408309937,
            -0.5334955453872681,
            0.0859634056687355,
            -0.6877421736717224,
            -0.07207297533750534,
            -0.20121048390865326,
            1.595576524734497
          ]
        },
        "stride": [
          2
        ],
        "padding": [
          0
        ],
        "dilation": [
          1
        ],
        "groups": 1,
        "api": "torch.nn.functional.conv1d"
      },
      "mindspore_test_case": {
        "input": {
          "shape": [
            20,
            16,
            50
          ],
          "dtype": "float32",
          "sample_values": [
            -0.07610593736171722,
            -0.1270238161087036,
            -0.5316852331161499,
            -1.526251196861267,
            1.3113435506820679,
            0.9628145694732666,
            1.1317849159240723,
            -1.125599980354309,
            -0.028637921437621117,
            -0.07246868312358856
          ]
        },
        "weight": {
          "shape": [
            33,
            16,
            3
          ],
          "dtype": "float32",
          "sample_values": [
            0.30223986506462097,
            -1.7247346639633179,
            -0.27960219979286194,
            -0.8162434697151184,
            -1.9325075149536133,
            0.6832350492477417,
            -1.4316697120666504,
            -0.5395508408546448,
            1.2268869876861572,
            -0.4315635859966278
          ]
        },
        "bias": {
          "shape": [
            33
          ],
          "dtype": "float32",
          "sample_values": [
            1.1269747018814087,
            -0.7634023427963257,
            1.2385618686676025,
            -0.6116031408309937,
            -0.5334955453872681,
            0.0859634056687355,
            -0.6877421736717224,
            -0.07207297533750534,
            -0.20121048390865326,
            1.595576524734497
          ]
        },
        "stride": [
          2
        ],
        "padding": [
          0
        ],
        "dilation": [
          1
        ],
        "groups": 1,
        "api": "mindspore.ops.Conv1D"
      },
      "execution_result": {
        "torch_api": "torch.nn.functional.conv1d",
        "mindspore_api": "mindspore.ops.Conv1D",
        "torch_success": true,
        "mindspore_success": false,
        "results_match": false,
        "torch_error": null,
        "mindspore_error": "MindSpore算子 mindspore.ops.Conv1D 未找到",
        "comparison_error": null,
        "torch_shape": [
          20,
          33,
          24
        ],
        "mindspore_shape": null,
        "torch_dtype": "torch.float32",
        "mindspore_dtype": null,
        "status": "mindspore_failed"
      },
      "llm_operation": {
        "operation": "skip",
        "reason": "MindSpore官方文档未提供mindspore.ops.Conv1D的API支持，且错误信息明确指出该算子未找到；经核实，MindSpore当前版本（2.0+）中1D卷积的标准实现为mindspore.nn.Conv1d（模块类）或mindspore.ops.Conv2D（注意：MindSpore无独立Conv1D算子，需将1D卷积映射为2D卷积，即在输入/权重上增加伪channel维度或使用Conv2D并调整shape），因此mindspore.ops.Conv1D是不存在的API，属于跨框架算子功能不等价情形，无法通过参数修复使二者对齐。"
      },
      "is_llm_generated": false,
      "case_number": 1
    }
  ]
}