{
  "operator": "torch.nn.functional.cosine_similarity",
  "timestamp": "2026-01-25T22:19:10.519255",
  "total_iterations": 4,
  "llm_generated_test_cases": 3,
  "successful_test_cases": 2,
  "results": [
    {
      "iteration": 1,
      "torch_test_case": {
        "x1": {
          "shape": [
            100,
            128
          ],
          "dtype": "float32",
          "sample_values": [
            -2.254240036010742,
            -1.0843815803527832,
            0.09483398497104645,
            -1.1264169216156006,
            0.5387305021286011,
            0.18421918153762817,
            0.41148072481155396,
            -0.9861332774162292,
            -0.20305663347244263,
            0.14364853501319885
          ]
        },
        "x2": {
          "shape": [
            100,
            128
          ],
          "dtype": "float32",
          "sample_values": [
            1.2043675184249878,
            -0.5883288979530334,
            -0.4230955243110657,
            0.44565191864967346,
            -0.38233712315559387,
            -0.010839602909982204,
            0.8821312785148621,
            -1.7943094968795776,
            2.4556617736816406,
            1.3936834335327148
          ]
        },
        "dim": 1,
        "eps": 1e-06,
        "api": "torch.nn.functional.cosine_similarity"
      },
      "mindspore_test_case": {
        "x1": {
          "shape": [
            100,
            128
          ],
          "dtype": "float32",
          "sample_values": [
            -2.254240036010742,
            -1.0843815803527832,
            0.09483398497104645,
            -1.1264169216156006,
            0.5387305021286011,
            0.18421918153762817,
            0.41148072481155396,
            -0.9861332774162292,
            -0.20305663347244263,
            0.14364853501319885
          ]
        },
        "x2": {
          "shape": [
            100,
            128
          ],
          "dtype": "float32",
          "sample_values": [
            1.2043675184249878,
            -0.5883288979530334,
            -0.4230955243110657,
            0.44565191864967346,
            -0.38233712315559387,
            -0.010839602909982204,
            0.8821312785148621,
            -1.7943094968795776,
            2.4556617736816406,
            1.3936834335327148
          ]
        },
        "dim": 1,
        "eps": 1e-06,
        "api": "mindspore.ops.cosine_similarity"
      },
      "execution_result": {
        "torch_api": "torch.nn.functional.cosine_similarity",
        "mindspore_api": "mindspore.ops.cosine_similarity",
        "torch_success": true,
        "mindspore_success": true,
        "results_match": true,
        "torch_error": null,
        "mindspore_error": null,
        "comparison_error": null,
        "torch_shape": [
          100
        ],
        "mindspore_shape": [
          100
        ],
        "torch_dtype": "torch.float32",
        "mindspore_dtype": "Float32",
        "status": "compared"
      },
      "llm_operation": {
        "operation": "mutation",
        "reason": "执行结果一致且无错误，符合变异条件；为提升测试覆盖率和发现潜在边界问题，需对原始用例进行fuzzing：将输入张量形状变异为高维（3D）、引入广播场景（x2降维）、dim参数覆盖边界值（-1和0）、eps设置为文档默认值1e-8及极小值1e-12，并增加float64 dtype变体以验证精度鲁棒性；MindSpore和PyTorch均支持dim=-1及多维输入，且cosine_similarity语义一致，所有变异均在官方参数范围内。"
      },
      "is_llm_generated": false,
      "case_number": 1
    },
    {
      "iteration": 2,
      "torch_test_case": {
        "api": "torch.nn.functional.cosine_similarity",
        "x1": {
          "shape": [
            5,
            32,
            64
          ],
          "dtype": "float32",
          "sample_values": [
            1.5248233079910278,
            -0.46603021025657654,
            -0.3602137565612793,
            0.0996963307261467,
            1.3320809602737427,
            0.4182945191860199,
            -0.3500712811946869,
            -0.5977147817611694,
            0.5237053632736206,
            1.5027767419815063
          ]
        },
        "x2": {
          "shape": [
            32,
            64
          ],
          "dtype": "float32",
          "sample_values": [
            -0.14711163938045502,
            2.120556592941284,
            0.7792140245437622,
            -1.1694012880325317,
            0.923642098903656,
            0.9363729357719421,
            0.2292434424161911,
            -0.44578516483306885,
            -0.3348841369152069,
            0.8324998617172241
          ]
        },
        "dim": -1,
        "eps": 1e-08
      },
      "mindspore_test_case": {
        "api": "mindspore.ops.cosine_similarity",
        "x1": {
          "shape": [
            5,
            32,
            64
          ],
          "dtype": "float32",
          "sample_values": [
            1.5248233079910278,
            -0.46603021025657654,
            -0.3602137565612793,
            0.0996963307261467,
            1.3320809602737427,
            0.4182945191860199,
            -0.3500712811946869,
            -0.5977147817611694,
            0.5237053632736206,
            1.5027767419815063
          ]
        },
        "x2": {
          "shape": [
            32,
            64
          ],
          "dtype": "float32",
          "sample_values": [
            -0.14711163938045502,
            2.120556592941284,
            0.7792140245437622,
            -1.1694012880325317,
            0.923642098903656,
            0.9363729357719421,
            0.2292434424161911,
            -0.44578516483306885,
            -0.3348841369152069,
            0.8324998617172241
          ]
        },
        "dim": -1,
        "eps": 1e-08
      },
      "execution_result": {
        "torch_api": "torch.nn.functional.cosine_similarity",
        "mindspore_api": "mindspore.ops.cosine_similarity",
        "torch_success": true,
        "mindspore_success": true,
        "results_match": true,
        "torch_error": null,
        "mindspore_error": null,
        "comparison_error": null,
        "torch_shape": [
          5,
          32
        ],
        "mindspore_shape": [
          5,
          32
        ],
        "torch_dtype": "torch.float32",
        "mindspore_dtype": "Float32",
        "status": "compared"
      },
      "llm_operation": {
        "operation": "mutation",
        "reason": "执行结果一致且均成功，需通过fuzzing增强测试覆盖：原始用例中x2为2D张量[32,64]，与x1[5,32,64]在dim=-1（即最后一维）上广播计算cosine_similarity；为检验边界鲁棒性，变异为x2形状[1,32,64]（全维度广播）、dim=0（首维）、eps=1e-12（更小容差），同时引入int64输入以验证类型兼容性（虽文档指定float，但需测试框架对非float输入的处理一致性）；MindSpore和PyTorch均支持float32/float64，但int64需转为float，故将dtype统一改为float64以确保语义等价且覆盖高精度场景。"
      },
      "is_llm_generated": true,
      "case_number": 1
    },
    {
      "iteration": 3,
      "torch_test_case": {
        "api": "torch.nn.functional.cosine_similarity",
        "x1": {
          "shape": [
            5,
            32,
            64
          ],
          "dtype": "float64",
          "sample_values": [
            0.29133593407979236,
            -1.1328515174630938,
            -1.5534546892518375,
            0.4968747185304111,
            -0.32651191434548976,
            1.5384625499625162,
            1.0919573794928603,
            -0.9369977326968639,
            0.5221283593695247,
            -1.343973965649944
          ]
        },
        "x2": {
          "shape": [
            1,
            32,
            64
          ],
          "dtype": "float64",
          "sample_values": [
            -0.6789341242182282,
            -0.05198420419120801,
            1.2896355095519862,
            0.25122556461598305,
            -0.9889076822204131,
            -1.8703656444265724,
            0.9370269869216497,
            -0.14752601227794282,
            1.8165980083547397,
            0.06575868651155076
          ]
        },
        "dim": 0,
        "eps": 1e-12
      },
      "mindspore_test_case": {
        "api": "mindspore.ops.cosine_similarity",