{
  "operator": "torch.nn.functional.cosine_similarity",
  "timestamp": "2026-01-23T13:34:03.635208",
  "total_iterations": 4,
  "llm_generated_test_cases": 3,
  "successful_test_cases": 3,
  "results": [
    {
      "iteration": 1,
      "torch_test_case": {
        "x1": {
          "shape": [
            100,
            128
          ],
          "dtype": "float32",
          "sample_values": [
            0.10117316991090775,
            -0.5927260518074036,
            -0.20892782509326935,
            0.5345030426979065,
            0.11504640430212021,
            1.9887654781341553,
            -0.3859388828277588,
            -0.46341484785079956,
            0.6603042483329773,
            1.1698638200759888
          ]
        },
        "x2": {
          "shape": [
            100,
            128
          ],
          "dtype": "float32",
          "sample_values": [
            -0.029538899660110474,
            0.9244731068611145,
            1.1739758253097534,
            -1.9079089164733887,
            0.10255132615566254,
            1.2018836736679077,
            -0.5307067036628723,
            -1.534746766090393,
            -0.59275221824646,
            0.9234824776649475
          ]
        },
        "dim": 1,
        "eps": 1e-06,
        "api": "torch.nn.functional.cosine_similarity"
      },
      "tensorflow_test_case": {
        "x1": {
          "shape": [
            100,
            128
          ],
          "dtype": "float32",
          "sample_values": [
            0.10117316991090775,
            -0.5927260518074036,
            -0.20892782509326935,
            0.5345030426979065,
            0.11504640430212021,
            1.9887654781341553,
            -0.3859388828277588,
            -0.46341484785079956,
            0.6603042483329773,
            1.1698638200759888
          ]
        },
        "x2": {
          "shape": [
            100,
            128
          ],
          "dtype": "float32",
          "sample_values": [
            -0.029538899660110474,
            0.9244731068611145,
            1.1739758253097534,
            -1.9079089164733887,
            0.10255132615566254,
            1.2018836736679077,
            -0.5307067036628723,
            -1.534746766090393,
            -0.59275221824646,
            0.9234824776649475
          ]
        },
        "dim": 1,
        "eps": 1e-06,
        "api": "tf.keras.losses.cosine_similarity"
      },
      "execution_result": {
        "torch_api": "torch.nn.functional.cosine_similarity",
        "tensorflow_api": "tf.keras.losses.cosine_similarity",
        "torch_success": true,
        "tensorflow_success": false,
        "results_match": false,
        "torch_error": null,
        "tensorflow_error": "cosine_similarity() got an unexpected keyword argument 'x1'",
        "comparison_error": null,
        "torch_shape": [
          100
        ],
        "tensorflow_shape": null,
        "torch_dtype": "torch.float32",
        "tensorflow_dtype": null,
        "status": "tensorflow_failed",
        "tensorflow_traceback": "Traceback (most recent call last):\n  File \"D:\\graduate\\DFrameworkTest\\pt_tf_test\\llm_enhanced_compare.py\", line 654, in execute_test_case\n    tensorflow_result = tensorflow_func(*args, **kwargs)\nTypeError: cosine_similarity() got an unexpected keyword argument 'x1'\n"
      },
      "llm_operation": {
        "operation": "repair",
        "reason": "TensorFlow的cosine_similarity API不接受参数x1和x2，而是接受y_true和y_pred作为输入参数。此外，该API没有dim和eps参数，其计算方式是沿最后一个轴进行的，且无eps参数用于数值稳定性。因此需要修复TensorFlow测试用例以匹配其真实签名。"
      },
      "is_llm_generated": false,
      "case_number": 1
    },
    {
      "iteration": 2,
      "torch_test_case": {
        "api": "torch.nn.functional.cosine_similarity",
        "x1": {
          "shape": [
            100,
            128
          ],
          "dtype": "float32",
          "sample_values": [
            0.08775929361581802,
            1.1868950128555298,
            -0.6274126172065735,
            -0.6305183172225952,
            0.3241388201713562,
            -0.10207030922174454,
            0.28510335087776184,
            1.1698554754257202,
            0.771428108215332,
            -0.6118156909942627
          ]
        },
        "x2": {
          "shape": [
            100,
            128
          ],
          "dtype": "float32",
          "sample_values": [
            -0.19857707619667053,
            1.4200884103775024,
            -0.3979281187057495,
            -0.30933135747909546,
            1.2330608367919922,
            0.31841668486595154,
            1.5229105949401855,
            0.8316301107406616,
            -1.3584835529327393,
            1.389312982559204
          ]
        },
        "dim": 1,
        "eps": 1e-06
      },
      "tensorflow_test_case": {
        "api": "tf.keras.losses.cosine_similarity",
        "y_true": {
          "shape": [
            100,
            128
          ],
          "dtype": "float32",
          "sample_values": [
            0.4743300974369049,
            0.49366089701652527,
            -1.1947218179702759,
            -0.5716578364372253,
            0.34398072957992554,
            1.2468619346618652,
            -0.7336671352386475,
            -0.5872251391410828,
            0.20785143971443176,
            0.3117276430130005
          ]
        },
        "y_pred": {
          "shape": [
            100,
            128
          ],
          "dtype": "float32",
          "sample_values": [
            0.7246949076652527,
            -0.993590235710144,
            -1.1660127639770508,
            -0.5560294389724731,
            1.0539584159851074,
            -1.6746876239776611,
            -0.145668625831604,
            -1.1834498643875122,
            0.2734616696834564,
            -0.11485134065151215
          ]
        }
      },
      "execution_result": {
        "torch_api": "torch.nn.functional.cosine_similarity",
        "tensorflow_api": "tf.keras.losses.cosine_similarity",
        "torch_success": true,
        "tensorflow_success": true,
        "results_match": false,
        "torch_error": null,
        "tensorflow_error": null,
        "comparison_error": "数值不匹配，最大差异: 0.25343310832977295",
        "torch_shape": [
          100
        ],
        "tensorflow_shape": [
          100
        ],
        "torch_dtype": "torch.float32",
        "tensorflow_dtype": "<dtype: 'float32'>",
        "status": "compared"
      },
      "llm_operation": {
        "operation": "repair",
        "reason": "TensorFlow的tf.keras.losses.cosine_similarity默认计算的是1 - cosine_similarity（即作为损失函数，返回负余弦相似度），而PyTorch的torch.nn.functional.cosine_similarity直接返回余弦相似度；此外，TensorFlow默认axis=-1，而PyTorch默认dim=1 —— 在输入shape=[100,128]时，dim=1对应axis=1，但tf.keras.losses.cosine_similarity的axis参数默认为-1（即128维所在轴），与PyTorch的dim=1语义一致；然而关键差异在于：tf.keras.losses.cosine_similarity是loss函数，其返回值为 -sum(x·y)/(||x||·||y||) 沿axis求和后的平均？不，实际文档明确说明：'cosine_similarity = -sum(y_true * y_pred) / (||y_true|| * ||y_pred||)'，即它 returns the negative cosine similarity。因此，为使结果一致，TensorFlow侧需取负号；同时，PyTorch无内置负号，故必须在TF用例中显式修正：使用tf.keras.losses.cosine_similarity并手动取负，或改用tf.linalg.cosine_similarity（但该API存在且语义匹配）。经查，tf.linalg.cosine_similarity（TensorFlow 2.12+）才是与torch.nn.functional.cosine_similarity功能等价的API：它接受x、y、axis、name参数，返回正值余弦相似度，且axis默认-1，支持广播，无eps参数但内部处理数值稳定。因此，原TF用例错误地使用了loss API而非linalg API，导致符号相反且可能归一化方式不同（loss版本用于训练，含batch reduction隐含逻辑）。修复方案：将TensorFlow API替换为tf.linalg.cosine_similarity，并显式指定axis=1以对齐PyTorch dim=1，同时保留相同输入名映射（x→y_true→x，y→y_pred→y），并确保无额外reduction。注意：tf.linalg.cosine_similarity无eps参数，但内部已做防零处理，无需传入。"
      },
      "is_llm_generated": true,
      "case_number": 1
    },
    {
      "iteration": 3,
      "torch_test_case": {
        "api": "torch.nn.functional.cosine_similarity",
        "x1": {
          "shape": [
            100,
            128
          ],
          "dtype": "float32",