{
  "operator": "torch.nn.ConvTranspose3d",
  "timestamp": "2026-02-03T13:42:24.129344",
  "total_iterations": 4,
  "llm_generated_test_cases": 3,
  "successful_test_cases": 0,
  "results": [
    {
      "iteration": 1,
      "paddle_test_case": {
        "in_channels": 16,
        "out_channels": 33,
        "kernel_size": [
          3,
          5,
          2
        ],
        "stride": [
          2,
          1,
          1
        ],
        "padding": [
          0,
          4,
          2
        ],
        "api": "paddle.nn.Conv3DTranspose",
        "x": {
          "shape": [
            2,
            3,
            4,
            4,
            4
          ],
          "dtype": "float32",
          "sample_values": [
            0.02685963176190853,
            0.5540255904197693,
            1.7532206773757935,
            0.3969327509403229,
            -1.4732301235198975,
            1.4818410873413086,
            -0.8070316314697266,
            -1.4777873754501343,
            -0.9515153765678406,
            -0.03954195976257324
          ]
        }
      },
      "mindspore_test_case": {
        "in_channels": 16,
        "out_channels": 33,
        "kernel_size": [
          3,
          5,
          2
        ],
        "stride": [
          2,
          1,
          1
        ],
        "padding": [
          0,
          4,
          2
        ],
        "api": "mindspore.nn.Conv3dTranspose",
        "x": {
          "shape": [
            2,
            3,
            4,
            4,
            4
          ],
          "dtype": "float32",
          "sample_values": [
            0.02685963176190853,
            0.5540255904197693,
            1.7532206773757935,
            0.3969327509403229,
            -1.4732301235198975,
            1.4818410873413086,
            -0.8070316314697266,
            -1.4777873754501343,
            -0.9515153765678406,
            -0.03954195976257324
          ]
        }
      },
      "execution_result": {
        "paddle_api": "paddle.nn.Conv3DTranspose",
        "mindspore_api": "mindspore.nn.Conv3dTranspose",
        "paddle_success": false,
        "mindspore_success": false,
        "results_match": false,
        "paddle_error": "(InvalidArgument) The number of input channels should be equal to filter channels for Op(conv_transpose). But received: the input's channels is [3], the shape of input is [2, 3, 4, 4, 4], the filter's channels is [16], the shape of filter is [16, 33, 3, 5, 2]. The data_format is NCHW.The error may come from wrong data_format setting.\n  [Hint: Expected C == filter_dims[0], but received C:3 != filter_dims[0]:16.] (at ..\\paddle\\phi\\infermeta\\binary.cc:857)\n",
        "mindspore_error": "For 'Conv3dTranspose', the type of 'kernel_size' should be one of '['int', 'tuple']', but got type 'list'.",
        "comparison_error": null,
        "paddle_shape": null,
        "mindspore_shape": null,
        "paddle_dtype": null,
        "mindspore_dtype": null,
        "status": "both_failed",
        "paddle_traceback": "Traceback (most recent call last):\n  File \"D:\\graduate\\DFrameworkTest\\pd_ms_test\\llm_enhanced_compare.py\", line 795, in execute_test_case\n    paddle_instance = paddle_func(**init_kwargs)\n  File \"D:\\anaconda3\\envs\\tf_env\\lib\\site-packages\\paddle\\nn\\layer\\layers.py\", line 1576, in __call__\n    return self.forward(*inputs, **kwargs)\n  File \"D:\\anaconda3\\envs\\tf_env\\lib\\site-packages\\paddle\\nn\\layer\\conv.py\", line 1337, in forward\n    out = F.conv3d_transpose(\n  File \"D:\\anaconda3\\envs\\tf_env\\lib\\site-packages\\paddle\\nn\\functional\\conv.py\", line 1738, in conv3d_transpose\n    pre_bias = _C_ops.conv3d_transpose(\nValueError: (InvalidArgument) The number of input channels should be equal to filter channels for Op(conv_transpose). But received: the input's channels is [3], the shape of input is [2, 3, 4, 4, 4], the filter's channels is [16], the shape of filter is [16, 33, 3, 5, 2]. The data_format is NCHW.The error may come from wrong data_format setting.\n  [Hint: Expected C == filter_dims[0], but received C:3 != filter_dims[0]:16.] (at ..\\paddle\\phi\\infermeta\\binary.cc:857)\n\n",
        "mindspore_traceback": "Traceback (most recent call last):\n  File \"D:\\graduate\\DFrameworkTest\\pd_ms_test\\llm_enhanced_compare.py\", line 820, in execute_test_case\n    mindspore_func = self.get_operator_function(mindspore_api, \"mindspore\")\n  File \"D:\\anaconda3\\envs\\tf_env\\lib\\site-packages\\mindspore\\nn\\layer\\conv.py\", line 1034, in __init__\n    kernel_size = _check_3d_int_or_tuple(\"kernel_size\", kernel_size, self.cls_name)\n  File \"D:\\anaconda3\\envs\\tf_env\\lib\\site-packages\\mindspore\\_checkparam.py\", line 169, in _check_3d_int_or_tuple\n    check_value_type(arg_name, arg_value, (int, tuple), prim_name)\n  File \"D:\\anaconda3\\envs\\tf_env\\lib\\site-packages\\mindspore\\_checkparam.py\", line 745, in check_value_type\n    raise_error_msg(cond, arg_value)\n  File \"D:\\anaconda3\\envs\\tf_env\\lib\\site-packages\\mindspore\\_checkparam.py\", line 734, in raise_error_msg\n    raise TypeError(f'{msg_prefix} type of \\'{arg_name}\\' should be {\"one of \" if num_types > 1 else \"\"}' \\\nTypeError: For 'Conv3dTranspose', the type of 'kernel_size' should be one of '['int', 'tuple']', but got type 'list'.\n"
      },
      "llm_operation": {
        "operation": "repair",
        "reason": "Paddle报错因输入通道数(3)≠in_channels(16)；MindSpore报错因kernel_size为list而非tuple。需统一x.shape[1]为in_channels=16，且kernel_size改为tuple。"
      },
      "is_llm_generated": false,
      "case_number": 1
    },
    {
      "iteration": 2,
      "paddle_test_case": {
        "api": "paddle.nn.Conv3DTranspose",
        "in_channels": 16,
        "out_channels": 33,
        "kernel_size": [
          3,
          5,
          2
        ],
        "stride": [
          2,
          1,
          1
        ],
        "padding": [
          0,
          4,
          2
        ],
        "x": {
          "shape": [
            2,
            16,
            4,
            4,
            4
          ],
          "dtype": "float32",
          "sample_values": [
            -0.17751510441303253,
            -0.1585145741701126,
            -0.5599619150161743,
            2.562988519668579,
            -0.9040129780769348,
            -0.9545877575874329,
            1.4287077188491821,
            2.5047292709350586,
            1.9798614978790283,
            -0.3894755244255066
          ]
        }
      },
      "mindspore_test_case": {
        "api": "mindspore.nn.Conv3dTranspose",
        "in_channels": 16,
        "out_channels": 33,
        "kernel_size": [
          3,
          5,
          2
        ],
        "stride": [
          2,
          1,
          1
        ],
        "padding": [
          0,
          4,
          2
        ],
        "x": {
          "shape": [
            2,
            16,
            4,
            4,
            4
          ],
          "dtype": "float32",
          "sample_values": [
            -0.17751510441303253,
            -0.1585145741701126,
            -0.5599619150161743,
            2.562988519668579,
            -0.9040129780769348,
            -0.9545877575874329,
            1.4287077188491821,
            2.5047292709350586,
            1.9798614978790283,
            -0.3894755244255066
          ]
        }
      },
      "execution_result": {
        "paddle_api": "paddle.nn.Conv3DTranspose",
        "mindspore_api": "mindspore.nn.Conv3dTranspose",
        "paddle_success": true,
        "mindspore_success": false,
        "results_match": false,
        "paddle_error": null,
        "mindspore_error": "For 'Conv3dTranspose', the type of 'kernel_size' should be one of '['int', 'tuple']', but got type 'list'.",
        "comparison_error": null,
        "paddle_shape": [
          2,
          33,
          9,
          0,
          1
        ],