{
  "operator": "torch.nn.functional.pairwise_distance",
  "timestamp": "2026-02-03T14:04:36.182714",
  "total_iterations": 4,
  "llm_generated_test_cases": 3,
  "successful_test_cases": 0,
  "results": [
    {
      "iteration": 1,
      "paddle_test_case": {
        "x1": {
          "shape": [
            100,
            128
          ],
          "dtype": "float32",
          "sample_values": [
            0.36152365803718567,
            0.2713896632194519,
            0.46950268745422363,
            1.0575801134109497,
            -0.1703132838010788,
            0.060522809624671936,
            -1.3984793424606323,
            -0.9404688477516174,
            -0.16299203038215637,
            0.1508386880159378
          ]
        },
        "x2": {
          "shape": [
            100,
            128
          ],
          "dtype": "float32",
          "sample_values": [
            -1.0334041118621826,
            -1.787505865097046,
            -0.9798215627670288,
            0.6884132623672485,
            1.5728073120117188,
            -2.179032325744629,
            -0.21721890568733215,
            -0.33983662724494934,
            -0.7855604290962219,
            1.239748239517212
          ]
        },
        "p": 2,
        "eps": 1e-06,
        "keepdim": false,
        "api": "paddle.nn.functional.pairwise_distance"
      },
      "mindspore_test_case": {
        "x1": {
          "shape": [
            100,
            128
          ],
          "dtype": "float32",
          "sample_values": [
            0.36152365803718567,
            0.2713896632194519,
            0.46950268745422363,
            1.0575801134109497,
            -0.1703132838010788,
            0.060522809624671936,
            -1.3984793424606323,
            -0.9404688477516174,
            -0.16299203038215637,
            0.1508386880159378
          ]
        },
        "x2": {
          "shape": [
            100,
            128
          ],
          "dtype": "float32",
          "sample_values": [
            -1.0334041118621826,
            -1.787505865097046,
            -0.9798215627670288,
            0.6884132623672485,
            1.5728073120117188,
            -2.179032325744629,
            -0.21721890568733215,
            -0.33983662724494934,
            -0.7855604290962219,
            1.239748239517212
          ]
        },
        "p": 2,
        "eps": 1e-06,
        "keepdim": false,
        "api": "mindspore.ops.PairwiseDistance"
      },
      "execution_result": {
        "paddle_api": "paddle.nn.functional.pairwise_distance",
        "mindspore_api": "mindspore.ops.PairwiseDistance",
        "paddle_success": false,
        "mindspore_success": false,
        "results_match": false,
        "paddle_error": "pairwise_distance() got an unexpected keyword argument 'x1'",
        "mindspore_error": "MindSpore算子 mindspore.ops.PairwiseDistance 未找到",
        "comparison_error": null,
        "paddle_shape": null,
        "mindspore_shape": null,
        "paddle_dtype": null,
        "mindspore_dtype": null,
        "status": "both_failed",
        "paddle_traceback": "Traceback (most recent call last):\n  File \"D:\\graduate\\DFrameworkTest\\pd_ms_test\\llm_enhanced_compare.py\", line 806, in execute_test_case\n    paddle_result = paddle_func(*args, **kwargs)\nTypeError: pairwise_distance() got an unexpected keyword argument 'x1'\n"
      },
      "llm_operation": {
        "operation": "repair",
        "reason": "PaddlePaddle参数名为x/y，非x1/x2；MindSpore PairwiseDistance需实例化且参数为x,y,p,keep_dims（非keepdim），且eps不存在，应移除。"
      },
      "is_llm_generated": false,
      "case_number": 1
    },
    {
      "iteration": 2,
      "paddle_test_case": {
        "api": "paddle.nn.functional.pairwise_distance",
        "x": {
          "shape": [
            100,
            128
          ],
          "dtype": "float32",
          "sample_values": [
            0.06821102648973465,
            -2.0226340293884277,
            0.5594837069511414,
            1.5421169996261597,
            -0.24825409054756165,
            -1.8572384119033813,
            0.8377090096473694,
            1.7207062244415283,
            0.4580475389957428,
            0.2617661654949188
          ]
        },
        "y": {
          "shape": [
            100,
            128
          ],
          "dtype": "float32",
          "sample_values": [
            0.43569493293762207,
            0.051831744611263275,
            0.19535961747169495,
            -0.23715455830097198,
            0.2463058978319168,
            1.2610028982162476,
            0.1463252156972885,
            0.3741329312324524,
            -0.08677782863378525,
            -0.663485586643219
          ]
        },
        "p": 2,
        "epsilon": 1e-06,
        "keepdim": false
      },
      "mindspore_test_case": {
        "api": "mindspore.ops.PairwiseDistance",
        "x": {
          "shape": [
            100,
            128
          ],
          "dtype": "float32",
          "sample_values": [
            0.06821102648973465,
            -2.0226340293884277,
            0.5594837069511414,
            1.5421169996261597,
            -0.24825409054756165,
            -1.8572384119033813,
            0.8377090096473694,
            1.7207062244415283,
            0.4580475389957428,
            0.2617661654949188
          ]
        },
        "y": {
          "shape": [
            100,
            128
          ],
          "dtype": "float32",
          "sample_values": [
            0.43569493293762207,
            0.051831744611263275,
            0.19535961747169495,
            -0.23715455830097198,
            0.2463058978319168,
            1.2610028982162476,
            0.1463252156972885,
            0.3741329312324524,
            -0.08677782863378525,
            -0.663485586643219
          ]
        },
        "p": 2,
        "keep_dims": false
      },
      "execution_result": {
        "paddle_api": "paddle.nn.functional.pairwise_distance",
        "mindspore_api": "mindspore.ops.PairwiseDistance",
        "paddle_success": true,
        "mindspore_success": false,
        "results_match": false,
        "paddle_error": null,
        "mindspore_error": "MindSpore算子 mindspore.ops.PairwiseDistance 未找到",
        "comparison_error": null,
        "paddle_shape": [
          100
        ],
        "mindspore_shape": null,
        "paddle_dtype": "paddle.float32",
        "mindspore_dtype": null,
        "status": "mindspore_failed"
      },
      "llm_operation": {
        "operation": "repair",
        "reason": "MindSpore中PairwiseDistance算子不存在，实际应使用mindspore.ops.pairwise_distance（小写）且需实例化；参数名keep_dims应为keepdim，且epsilon参数缺失需补全以对齐Paddle行为"
      },
      "is_llm_generated": true,
      "case_number": 1
    },
    {
      "iteration": 3,
      "paddle_test_case": {
        "api": "paddle.nn.functional.pairwise_distance",
        "x": {
          "shape": [
            100,
            128
          ],
          "dtype": "float32",
          "sample_values": [
            0.38697418570518494,
            -1.536470890045166,
            -0.5592061877250671,
            -0.14437822997570038,
            -0.2381642460823059,
            -0.864758312702179,
            -0.012010742910206318,
            -1.0253584384918213,
            -0.41604703664779663,
            -0.9994910359382629
          ]
        },
        "y": {
          "shape": [
            100,
            128
          ],
          "dtype": "float32",
          "sample_values": [
            -0.032859716564416885,
            -1.7565600872039795,
            0.029902542009949684,
            -0.4024289846420288,
            0.26176151633262634,
            -0.23297317326068878,
            -0.6761138439178467,
            -1.4405467510223389,
            0.8452214002609253,
            0.7040489912033081
          ]
        },
        "p": 2,
        "epsilon": 1e-06,