{
  "operator": "torch.nn.functional.conv1d",
  "timestamp": "2026-02-03T13:43:20.267051",
  "total_iterations": 4,
  "llm_generated_test_cases": 3,
  "successful_test_cases": 0,
  "results": [
    {
      "iteration": 1,
      "paddle_test_case": {
        "weight": {
          "shape": [
            33,
            16,
            3
          ],
          "dtype": "float32",
          "sample_values": [
            -0.01725054532289505,
            0.7443943023681641,
            -0.5739533305168152,
            -1.3496952056884766,
            -0.5784531831741333,
            -1.0067775249481201,
            0.8290212750434875,
            -0.12452733516693115,
            -1.9043055772781372,
            0.04363091662526131
          ]
        },
        "bias": {
          "shape": [
            33
          ],
          "dtype": "float32",
          "sample_values": [
            -1.6430113315582275,
            -0.44554251432418823,
            0.8963420391082764,
            0.2947995364665985,
            -0.20714256167411804,
            0.5762016177177429,
            -0.6765463948249817,
            -0.06915199011564255,
            0.1834532767534256,
            -1.9944204092025757
          ]
        },
        "stride": [
          2
        ],
        "padding": [
          0
        ],
        "dilation": [
          1
        ],
        "groups": 1,
        "api": "paddle.nn.functional.conv1d",
        "x": {
          "shape": [
            20,
            16,
            50
          ],
          "dtype": "float32",
          "sample_values": [
            -0.6778004765510559,
            -0.541384756565094,
            -0.1839601993560791,
            -0.5632832050323486,
            0.5478872656822205,
            -0.3267050087451935,
            0.5835654139518738,
            -1.2987339496612549,
            -0.8216732144355774,
            -0.12743784487247467
          ]
        }
      },
      "mindspore_test_case": {
        "weight": {
          "shape": [
            33,
            16,
            3
          ],
          "dtype": "float32",
          "sample_values": [
            -0.01725054532289505,
            0.7443943023681641,
            -0.5739533305168152,
            -1.3496952056884766,
            -0.5784531831741333,
            -1.0067775249481201,
            0.8290212750434875,
            -0.12452733516693115,
            -1.9043055772781372,
            0.04363091662526131
          ]
        },
        "bias": {
          "shape": [
            33
          ],
          "dtype": "float32",
          "sample_values": [
            -1.6430113315582275,
            -0.44554251432418823,
            0.8963420391082764,
            0.2947995364665985,
            -0.20714256167411804,
            0.5762016177177429,
            -0.6765463948249817,
            -0.06915199011564255,
            0.1834532767534256,
            -1.9944204092025757
          ]
        },
        "stride": [
          2
        ],
        "padding": [
          0
        ],
        "dilation": [
          1
        ],
        "groups": 1,
        "api": "mindspore.ops.Conv1D",
        "x": {
          "shape": [
            20,
            16,
            50
          ],
          "dtype": "float32",
          "sample_values": [
            -0.6778004765510559,
            -0.541384756565094,
            -0.1839601993560791,
            -0.5632832050323486,
            0.5478872656822205,
            -0.3267050087451935,
            0.5835654139518738,
            -1.2987339496612549,
            -0.8216732144355774,
            -0.12743784487247467
          ]
        }
      },
      "execution_result": {
        "paddle_api": "paddle.nn.functional.conv1d",
        "mindspore_api": "mindspore.ops.Conv1D",
        "paddle_success": true,
        "mindspore_success": false,
        "results_match": false,
        "paddle_error": null,
        "mindspore_error": "MindSpore算子 mindspore.ops.Conv1D 未找到",
        "comparison_error": null,
        "paddle_shape": [
          20,
          33,
          24
        ],
        "mindspore_shape": null,
        "paddle_dtype": "paddle.float32",
        "mindspore_dtype": null,
        "status": "mindspore_failed"
      },
      "llm_operation": {
        "operation": "repair",
        "reason": "MindSpore无mindspore.ops.Conv1D算子，正确API为mindspore.nn.Conv1d（需实例化）或mindspore.ops.Conv2D（不适用）；官方文档表明Conv1D未导出，应改用mindspore.nn.Conv1d类并适配参数名（如in_channels/out_channels/kernel_size）及输入格式（NCL）。"
      },
      "is_llm_generated": false,
      "case_number": 1
    },
    {
      "iteration": 2,
      "paddle_test_case": {
        "api": "paddle.nn.functional.conv1d",
        "weight": {
          "shape": [
            33,
            16,
            3
          ],
          "dtype": "float32",
          "sample_values": [
            -1.3910351991653442,
            1.4439400434494019,
            -0.5450322031974792,
            -0.5650873184204102,
            -0.4230199158191681,
            -0.09186887741088867,
            -1.5933339595794678,
            1.6737511157989502,
            1.2872085571289062,
            -0.18152686953544617
          ]
        },
        "bias": {
          "shape": [
            33
          ],
          "dtype": "float32",
          "sample_values": [
            2.841092109680176,
            0.0642792135477066,
            1.5012472867965698,
            0.944673478603363,
            -0.5267868638038635,
            -0.876876950263977,
            0.3365839123725891,
            -1.2986253499984741,
            0.7062612175941467,
            -0.5820691585540771
          ]
        },
        "stride": [
          2
        ],
        "padding": [
          0
        ],
        "dilation": [
          1
        ],
        "groups": 1,
        "x": {
          "shape": [
            20,
            16,
            50
          ],
          "dtype": "float32",
          "sample_values": [
            -0.28390252590179443,
            -1.3424508571624756,
            0.3226783871650696,
            -0.6007040143013,
            0.47549474239349365,
            1.7193578481674194,
            -1.2739408016204834,
            -0.775293231010437,
            1.0793949365615845,
            -0.6921374201774597
          ]
        }
      },
      "mindspore_test_case": {
        "api": "mindspore.nn.Conv1d",
        "in_channels": 16,
        "out_channels": 33,
        "kernel_size": 3,
        "stride": 2,
        "pad_mode": "pad",
        "padding": 0,
        "dilation": 1,
        "group": 1,
        "has_bias": true,
        "weight_shape": [
          33,
          16,
          3
        ],
        "bias_shape": [
          33
        ],
        "x_shape": [
          20,
          16,
          50
        ],
        "x_dtype": "float32"
      },
      "execution_result": {
        "paddle_api": "paddle.nn.functional.conv1d",
        "mindspore_api": "mindspore.ops.Conv1D",
        "paddle_success": true,
        "mindspore_success": false,
        "results_match": false,
        "paddle_error": null,
        "mindspore_error": "MindSpore算子 mindspore.ops.Conv1D 未找到",
        "comparison_error": null,
        "paddle_shape": [
          20,
          33,
          24
        ],
        "mindspore_shape": null,
        "paddle_dtype": "paddle.float32",
        "mindspore_dtype": null,
        "status": "mindspore_failed"
      },
      "llm_operation": {
        "operation": "repair",
        "reason": "MindSpore无mindspore.ops.Conv1D算子，应使用mindspore.nn.Conv1d类（非函数式），且需构造网络实例并调用；原测试误用不存在的ops接口。"
      },
      "is_llm_generated": true,
      "case_number": 1
    },
    {
      "iteration": 3,
      "paddle_test_case": {
        "api": "paddle.nn.functional.conv1d",
        "weight": {
          "shape": [
            33,
            16,
            3
          ],
          "dtype": "float32",